{"format_version":"1.8.0","animations":{"animation.hive.hub.game.bridge.idle":{"loop":true,"animation_length":4.48,"bones":{"root":{"position":[0,-0.15,0]},"leftLeg":{"rotation":[0,-7.5,-5]},"rightLeg":{"rotation":[2.5,7.5,5],"position":[0,0,0.5]},"waist":{"rotation":[0,2.5,0]},"body":{"position":{"0.0":[0,0,0],"0.2":[0,0,0],"0.36":[0,0.00525,0],"0.56":[0,0.01575,0],"0.72":[0,0.035,0],"1.2":[0,0.105,0],"1.4":[0,0.12075,0],"1.76":[0,0.14438,0],"2.08":[0,0.15159,0],"2.36":[0,0.14401,0],"2.72":[0,0.12075,0],"2.96":[0,0.105,0],"3.4":[0,0.0385,0],"3.64":[0,0.01575,0],"3.96":[0,0.00525,0],"4.16":[0,0,0],"4.48":[0,0,0]}},"head":{"rotation":[5,12.5,0],"position":{"0.0":[0,0,0],"0.2":[0,0,0],"0.36":[0,0.00488,0],"0.56":[0,0.01463,0],"0.72":[0,0.0325,0],"1.2":[0,0.0975,0],"1.4":[0,0.11213,0],"1.76":[0,0.13406,0],"2.08":[0,0.14077,0],"2.36":[0,0.13373,0],"2.72":[0,0.11213,0],"2.96":[0,0.0975,0],"3.4":[0,0.03575,0],"3.64":[0,0.01463,0],"3.96":[0,0.00488,0],"4.16":[0,0,0],"4.48":[0,0,0]}},"leftArm":{"rotation":[-3.61644,19.6835,-10.62758],"position":[0,0,1.5]},"rightArm":{"rotation":[0,-15,12.5],"position":[0,0,1]},"arms":{"position":{"0.0":[0,0,0],"0.2":[0,0,0],"0.36":[0,0.015,0],"0.56":[0,0.045,0],"0.72":[0,0.1,0],"1.2":[0,0.3,0],"1.4":[0,0.345,0],"1.76":[0,0.4125,0],"2.08":[0,0.43313,0],"2.36":[0,0.41147,0],"2.72":[0,0.345,0],"2.96":[0,0.3,0],"3.4":[0,0.11,0],"3.64":[0,0.045,0],"3.96":[0,0.015,0],"4.16":[0,0,0],"4.48":[0,0,0]}}}}}}