{"format_version":"1.8.0","animations":{"animation.hive.hub.game.build.idle":{"loop":true,"animation_length":4.92,"bones":{"hammer":{"position":[0,0,0]},"leftLeg":{"rotation":[15,-10,-7.5],"position":[0,-0.45,0.65]},"rightLeg":{"rotation":[-35,7.5,-5],"position":[-0.975,4.875,-2]},"waist":{"rotation":[-2.5,0,0],"position":{"0.0":[0,0,0],"0.4":[0,-0.01,0],"1.36":[0,-0.07,0],"1.76":[0,-0.09,0],"2.04":[0,-0.09636,0],"2.36":[0,-0.1,0],"2.76":[0,-0.09,0],"3.16":[0,-0.07,0],"4.16":[0,-0.01,0],"4.36":[0,0,0],"4.68":[0,0,0]},"scale":1.05},"head":{"rotation":{"0.0":[0,4.5,-2.5],"0.4":[0.27,4.5,-2.5],"1.36":[1.74,4.5,-2.5],"1.76":[2.18,4.5,-2.5],"2.04":[2.38364,4.5,-2.5],"2.36":[2.5,4.5,-2.5],"2.76":[2.18,4.5,-2.5],"3.16":[1.74,4.5,-2.5],"4.16":[0.27,4.5,-2.5],"4.36":[0.1,4.5,-2.5],"4.72":[0,4.5,-2.5]},"position":{"0.0":[-0.3,-0.425,-0.6],"4.36":[-0.3,-0.425,-0.6],"4.72":[-0.3,-0.425,-0.6]}},"leftArm":{"rotation":{"0.0":[-98.25,25,0],"0.4":[-97.89,25,0],"1.36":[-95.93,25,0],"1.76":[-95.34,25,0],"2.04":[-95.07273,25,0],"2.36":[-94.92,25,0],"2.76":[-95.34,25,0],"3.16":[-95.93,25,0],"4.16":[-97.89,25,0],"4.36":[-98.11,25,0],"4.72":[-98.25,25,0]},"position":{"0.0":[0,-3,-1],"0.4":[0,-2.94,-1],"1.36":[0,-2.63,-1],"1.76":[0,-2.54,-1],"2.04":[0,-2.49545,-1],"2.36":[0,-2.47,-1],"2.76":[0,-2.54,-1],"3.16":[0,-2.63,-1],"4.16":[0,-2.94,-1],"4.36":[0,-2.98,-1],"4.72":[0,-3,-1]}},"rightArm":{"rotation":{"0.0":[-92.5,-31.5,1],"0.4":[-92.5,-31.5,1.27],"1.36":[-92.5,-31.5,2.74],"1.76":[-92.5,-31.5,3.18],"2.04":[-92.5,-31.5,3.38364],"2.36":[-92.5,-31.5,3.5],"2.76":[-92.5,-31.5,3.18],"3.16":[-92.5,-31.5,2.74],"4.16":[-92.5,-31.5,1.27],"4.36":[-92.5,-31.5,1.1],"4.72":[-92.5,-31.5,1]},"position":{"0.0":[0,-2,-1],"0.4":[0,-1.96,-1],"1.36":[0,-1.76,-1],"1.76":[0,-1.7,-1],"2.04":[0,-1.66818,-1],"2.36":[0,-1.65,-1],"2.76":[0,-1.7,-1],"3.16":[0,-1.76,-1],"4.16":[0,-1.96,-1],"4.36":[0,-1.98,-1],"4.72":[0,-2,-1]}},"human":{"rotation":[15,0,0],"position":[0,0,2]}}}}}