{"format_version":"1.8.0","animations":{"animation.hive.hub.game.ctf.idle":{"loop":true,"animation_length":13.2,"bones":{"leftLeg":{"rotation":[32.20462,-12.3071,-10.23772],"position":[-0.5,0.75,1.75],"scale":[0.9,1,0.9]},"rightLeg":{"rotation":[35,0,0],"position":[-0.75,2,-2.5]},"waist":{"rotation":{"0.0":[20,0,-7.5],"13.2":[20,0,-7.5]},"position":{"0.0":[0,0,2],"0.4":[0,-0.00325,2],"0.76":[0,-0.00909,2],"1.24":[0,-0.02273,2],"4.64":[0,-0.19835,2],"5.36":[0,-0.22652,2],"5.96":[0,-0.2412,2],"6.6":[0,-0.25,2],"7.24":[0,-0.2412,2],"7.84":[0,-0.22652,2],"8.56":[0,-0.19835,2],"11.96":[0,-0.02273,2],"12.44":[0,-0.00909,2],"12.8":[0,-0.00325,2],"13.2":[0,0,2]}},"head":{"rotation":{"0.0":[-12.3423,2.55868,7.05239],"13.2":[-12.3423,2.55868,7.05239]},"position":{"0.0":[0,0,-1],"0.4":[0,-0.00325,-1],"0.76":[0,-0.00909,-1],"1.24":[0,-0.02273,-1],"4.64":[0,-0.19835,-1],"5.36":[0,-0.22652,-1],"5.96":[0,-0.2412,-1],"6.6":[0,-0.25,-1],"7.24":[0,-0.2412,-1],"7.84":[0,-0.22652,-1],"8.56":[0,-0.19835,-1],"11.96":[0,-0.02273,-1],"12.44":[0,-0.00909,-1],"12.8":[0,-0.00325,-1],"13.2":[0,0,-1]}},"leftArm":{"rotation":{"0.0":[-106.2592,-12.8962,10.43024],"0.4":[-106.20876,-12.88289,10.49543],"0.76":[-106.11798,-12.85894,10.61277],"1.24":[-105.90614,-12.80305,10.88657],"4.64":[-103.17795,-12.08327,14.41272],"5.36":[-102.74027,-11.96779,14.97841],"5.96":[-102.51231,-11.90765,15.27304],"6.6":[-102.37554,-11.87156,15.44982],"7.24":[-102.51231,-11.90765,15.27304],"7.84":[-102.74027,-11.96779,14.97841],"8.56":[-103.17795,-12.08327,14.41272],"11.96":[-105.90614,-12.80305,10.88657],"12.44":[-106.11798,-12.85894,10.61277],"12.8":[-106.20876,-12.88289,10.49543],"13.2":[-106.2592,-12.8962,10.43024]},"position":{"0.0":[-1.25,-0.375,2.725],"0.4":[-1.25,-0.36195,2.72506],"0.76":[-1.25,-0.33845,2.72518],"1.24":[-1.25,-0.28364,2.72545],"4.64":[-1.25,0.42236,2.72897],"5.36":[-1.25,0.53562,2.72953],"5.96":[-1.25,0.59461,2.72982],"6.6":[-1.25,0.63,2.73],"7.24":[-1.25,0.59461,2.72982],"7.84":[-1.25,0.53562,2.72953],"8.56":[-1.25,0.42236,2.72897],"11.96":[-1.25,-0.28364,2.72545],"12.44":[-1.25,-0.33845,2.72518],"12.8":[-1.25,-0.36195,2.72506],"13.2":[-1.25,-0.375,2.725]},"scale":[1.05,1,1]},"rightArm":{"rotation":{"0.0":[-90,-72.5,10],"0.4":[-89.93506,-72.5,10],"0.76":[-89.81818,-72.5,10],"1.24":[-89.54545,-72.5,10],"4.64":[-86.03306,-72.5,10],"5.36":[-85.46957,-72.5,10],"5.96":[-85.17609,-72.5,10],"6.6":[-85,-72.5,10],"7.24":[-85.17609,-72.5,10],"7.84":[-85.46957,-72.5,10],"8.56":[-86.03306,-72.5,10],"11.96":[-89.54545,-72.5,10],"12.44":[-89.81818,-72.5,10],"12.8":[-89.93506,-72.5,10],"13.2":[-90,-72.5,10]},"position":{"0.0":[1,-1,0],"0.4":[1,-0.98701,0],"0.76":[1,-0.96364,0],"1.24":[1,-0.90909,0],"4.64":[1,-0.20661,0],"5.36":[1,-0.09391,0],"5.96":[1,-0.03522,0],"6.6":[1,0,0],"7.24":[1,-0.03522,0],"7.84":[1,-0.09391,0],"8.56":[1,-0.20661,0],"11.96":[1,-0.90909,0],"12.44":[1,-0.96364,0],"12.8":[1,-0.98701,0],"13.2":[1,-1,0]}},"flag":{"position":[0.175,0.4,-3.5]}}}}}