{"format_version":"1.8.0","animations":{"animation.hive.hub.game.dr.idle":{"loop":true,"animation_length":20.76,"bones":{"leftLeg":{"position":[0,0,-1]},"rightLeg":{"rotation":[12.5,0,0],"position":[0,0,1]},"body":{"position":{"0.0":[0,-0.75,0],"0.28":[0,-0.75455,0],"0.56":[0,-0.76818,0],"1.0":[0,-0.79992,0],"1.8":[0,-0.87177,0],"2.08":[0,-0.89487,0],"2.12":[0,-0.9,0],"4.12":[0,-0.9,0],"4.16":[0,-0.89487,0],"4.44":[0,-0.87177,0],"5.24":[0,-0.79992,0],"5.68":[0,-0.76818,0],"5.96":[0,-0.75727,0],"6.36":[0,-0.75,0]}},"head":{"rotation":{"0.0":[22.5,11,5],"0.28":[22.57576,11,5],"0.56":[22.80303,11,5],"1.0":[23.33193,11,5],"2.36":[24.64072,11,5],"2.68":[24.86028,11,5],"2.88":[24.93649,11,5],"3.12":[25,11,5],"3.4":[24.93649,11,5],"3.56":[24.86028,11,5],"3.88":[24.64072,11,5],"5.24":[23.33193,11,5],"5.68":[22.80303,11,5],"5.96":[22.62121,11,5],"6.36":[22.5,11,5]},"position":{"0.0":[0.1,0,0],"0.28":[0.1,-0.0053,0],"0.56":[0.1,-0.02121,0],"1.0":[0.1,-0.05824,0],"2.36":[0.1,-0.14985,0],"2.68":[0.1,-0.16522,0],"2.88":[0.1,-0.17055,0],"3.12":[0.1,-0.175,0],"3.4":[0.1,-0.17055,0],"3.56":[0.1,-0.16522,0],"3.88":[0.1,-0.14985,0],"5.24":[0.1,-0.05824,0],"5.68":[0.1,-0.02121,0],"5.96":[0.1,-0.00848,0],"6.36":[0.1,0,0]}},"leftArm":{"rotation":{"0.0":[17.5,10,0],"0.28":[17.5,10,0],"5.96":[17.5,10,0],"6.36":[17.5,10,0]},"position":{"0.0":[0,0,1],"0.28":[0,0.01515,1],"0.56":[0,0.06061,1],"1.0":[0,0.16639,1],"2.36":[0,0.42814,1],"2.68":[0,0.47206,1],"2.88":[0,0.4873,1],"3.12":[0,0.5,1],"3.4":[0,0.4873,1],"3.56":[0,0.47206,1],"3.88":[0,0.42814,1],"5.24":[0,0.16639,1],"5.68":[0,0.06061,1],"5.96":[0,0.02424,1],"6.36":[0,0,1]}},"scythe":{"position":[-11,0,-2.75]},"rightArm":{"rotation":{"0.0":[-40,-62.5,17.5],"0.28":[-40,-62.5,17.5],"5.96":[-40,-62.5,17.5],"6.36":[-40,-62.5,17.5]},"position":{"0.0":[0.25,-2.75,-2],"0.28":[0.25,-2.76515,-2],"0.56":[0.25,-2.81061,-2],"1.0":[0.25,-2.91639,-2],"2.36":[0.25,-3.17814,-2],"2.68":[0.25,-3.22206,-2],"2.88":[0.25,-3.2373,-2],"3.12":[0.25,-3.25,-2],"3.4":[0.25,-3.2373,-2],"3.56":[0.25,-3.22206,-2],"3.88":[0.25,-3.17814,-2],"5.24":[0.25,-2.91639,-2],"5.68":[0.25,-2.81061,-2],"5.96":[0.25,-2.77424,-2],"6.36":[0.25,-2.75,-2]}}}}}}