{"format_version":"1.8.0","animations":{"animation.hive.hub.game.drop.idle":{"loop":true,"animation_length":14.04,"bones":{"root":{"position":[0,3,0],"scale":0.9},"rightLeg":{"rotation":{"0.0":[-37.5,0,0],"0.28":[-37.52435,0,0],"0.6":[-37.57305,0,0],"0.96":[-37.69481,0,0],"2.0":[-38.56363,0,0],"4.08":[-41.06372,0,0],"5.04":[-41.87163,0,0],"5.72":[-42.24865,0,0],"6.16":[-42.41023,0,0],"6.68":[-42.5,0,0],"7.2":[-42.41023,0,0],"7.64":[-42.24865,0,0],"8.32":[-41.87163,0,0],"9.28":[-41.06372,0,0],"11.36":[-38.56363,0,0],"12.4":[-37.69481,0,0],"13.04":[-37.57305,0,0],"13.6":[-37.52435,0,0],"14.04":[-37.5,0,0]},"position":[0,-0.5,2]},"leftLeg":{"rotation":{"0.0":[71.26335,-10.80708,-15.6705],"0.28":[71.28405,-10.80708,-15.6705],"0.6":[71.32545,-10.80708,-15.6705],"0.96":[71.42894,-10.80708,-15.6705],"2.0":[72.16744,-10.80708,-15.6705],"4.08":[74.29252,-10.80708,-15.6705],"5.04":[74.97924,-10.80708,-15.6705],"5.72":[75.29971,-10.80708,-15.6705],"6.16":[75.43705,-10.80708,-15.6705],"6.68":[75.51335,-10.80708,-15.6705],"7.2":[75.43705,-10.80708,-15.6705],"7.64":[75.29971,-10.80708,-15.6705],"8.32":[74.97924,-10.80708,-15.6705],"9.28":[74.29252,-10.80708,-15.6705],"11.36":[72.16744,-10.80708,-15.6705],"12.4":[71.42894,-10.80708,-15.6705],"13.04":[71.32545,-10.80708,-15.6705],"13.6":[71.28405,-10.80708,-15.6705],"14.04":[71.26335,-10.80708,-15.6705]},"position":[0,-1,2]},"waist":{"rotation":{"0.0":[46.78082,-13.99545,-14.43276],"14.04":[46.78082,-13.99545,-14.43276]},"position":{"0.0":[0,-1,3],"0.28":[0,-1.00122,3],"0.64":[0,-1.00365,3],"1.0":[0,-1.00974,3],"2.12":[0,-1.05318,3],"4.28":[0,-1.17819,3],"5.28":[0,-1.21858,3],"6.0":[0,-1.23743,3],"6.48":[0,-1.24551,3],"7.0":[0,-1.25,3],"7.56":[0,-1.24551,3],"8.04":[0,-1.23743,3],"8.72":[0,-1.21858,3],"9.76":[0,-1.17819,3],"11.92":[0,-1.05318,3],"13.04":[0,-1.00974,3],"13.4":[0,-1.00365,3],"13.72":[0,-1.00122,3],"14.04":[0,-1,3]}},"head":{"rotation":[-36.30785,-0.24126,2.50412],"position":[0.2,0,-0.775]},"rightArm":{"rotation":{"0.0":[-51.70256,50.05794,101.42532],"0.28":[-51.7256,50.02832,101.39389],"0.6":[-51.77168,49.96909,101.33102],"0.96":[-51.88687,49.82102,101.17385],"2.0":[-52.7089,48.76435,100.05232],"4.08":[-55.07433,45.72374,96.82506],"5.04":[-55.83872,44.74116,95.78217],"5.72":[-56.19543,44.28263,95.29548],"6.16":[-56.34831,44.08611,95.0869],"6.68":[-56.43324,43.97693,94.97103],"7.2":[-56.34831,44.08611,95.0869],"7.64":[-56.19543,44.28263,95.29548],"8.32":[-55.83872,44.74116,95.78217],"9.28":[-55.07433,45.72374,96.82506],"11.36":[-52.7089,48.76435,100.05232],"12.4":[-51.88687,49.82102,101.17385],"13.04":[-51.77168,49.96909,101.33102],"13.6":[-51.7256,50.02832,101.39389],"14.04":[-51.70256,50.05794,101.42532]},"position":[-1,0,0]},"leftArm":{"rotation":{"0.0":[35.72398,-10.3837,-31.06663],"0.28":[35.69963,-10.3837,-31.06663],"0.64":[35.65093,-10.3837,-31.06663],"1.0":[35.52917,-10.3837,-31.06663],"2.12":[34.66035,-10.3837,-31.06663],"4.28":[32.16026,-10.3837,-31.06663],"5.28":[31.35235,-10.3837,-31.06663],"6.0":[30.97533,-10.3837,-31.06663],"6.48":[30.81375,-10.3837,-31.06663],"7.0":[30.72398,-10.3837,-31.06663],"7.56":[30.81375,-10.3837,-31.06663],"8.04":[30.97533,-10.3837,-31.06663],"8.72":[31.35235,-10.3837,-31.06663],"9.76":[32.16026,-10.3837,-31.06663],"11.92":[34.66035,-10.3837,-31.06663],"13.04":[35.52917,-10.3837,-31.06663],"13.4":[35.65093,-10.3837,-31.06663],"13.72":[35.69963,-10.3837,-31.06663],"14.04":[35.72398,-10.3837,-31.06663]},"position":[0,-2,1]}}}}}