{"format_version":"1.8.0","animations":{"animation.hive.hub.game.kits.idle":{"loop":true,"animation_length":20.6,"bones":{"leftLeg":{"rotation":{"0.0":[-60,-10,0],"0.4":[-59.988,-10,0],"0.92":[-59.95798,-10,0],"1.8":[-59.82143,-10,0],"3.28":[-59.38734,-10,0],"7.04":[-57.93707,-10,0],"7.84":[-57.72516,-10,0],"8.68":[-57.59526,-10,0],"9.36":[-57.52241,-10,0],"9.88":[-57.5,-10,0],"10.4":[-57.52241,-10,0],"11.08":[-57.59526,-10,0],"11.92":[-57.72516,-10,0],"12.72":[-57.93707,-10,0],"16.48":[-59.38734,-10,0],"17.96":[-59.82143,-10,0],"18.96":[-59.95798,-10,0],"19.76":[-59.988,-10,0],"20.56":[-60,-10,0]},"position":{"0.0":[1.125,1.65,0.25],"0.4":[1.12502,1.65096,0.25],"0.92":[1.12508,1.65336,0.25],"1.8":[1.12536,1.66429,0.25],"3.28":[1.12623,1.69901,0.25],"7.04":[1.12913,1.81503,0.25],"7.84":[1.12955,1.83199,0.25],"8.68":[1.12981,1.84238,0.25],"9.36":[1.12996,1.84821,0.25],"9.88":[1.13,1.85,0.25],"10.4":[1.12996,1.84821,0.25],"11.08":[1.12981,1.84238,0.25],"11.92":[1.12955,1.83199,0.25],"12.72":[1.12913,1.81503,0.25],"16.48":[1.12623,1.69901,0.25],"17.96":[1.12536,1.66429,0.25],"18.96":[1.12508,1.65336,0.25],"19.76":[1.12502,1.65096,0.25],"20.56":[1.125,1.65,0.25]},"scale":0.92},"rightLeg":{"rotation":{"0.0":[27.5,5,5],"0.4":[27.48199,5,5],"0.92":[27.43697,5,5],"1.8":[27.23214,5,5],"3.28":[26.58101,5,5],"7.04":[24.4056,5,5],"7.84":[24.08773,5,5],"8.68":[23.89289,5,5],"9.36":[23.78362,5,5],"9.88":[23.75,5,5],"10.4":[23.78362,5,5],"11.08":[23.89289,5,5],"11.92":[24.08773,5,5],"12.72":[24.4056,5,5],"16.48":[26.58101,5,5],"17.96":[27.23214,5,5],"18.96":[27.43697,5,5],"19.76":[27.48199,5,5],"20.56":[27.5,5,5]},"position":{"0.0":[0,3.75,-3.75],"0.4":[0,3.75252,-3.75],"0.92":[0,3.75882,-3.75],"1.8":[0,3.7875,-3.75],"3.28":[0,3.87866,-3.75],"7.04":[0,4.18322,-3.75],"7.84":[0,4.22772,-3.75],"8.68":[0,4.255,-3.75],"9.36":[0,4.27029,-3.75],"9.88":[0,4.275,-3.75],"10.4":[0,4.27029,-3.75],"11.08":[0,4.255,-3.75],"11.92":[0,4.22772,-3.75],"12.72":[0,4.18322,-3.75],"16.48":[0,3.87866,-3.75],"17.96":[0,3.7875,-3.75],"18.96":[0,3.75882,-3.75],"19.76":[0,3.75252,-3.75],"20.56":[0,3.75,-3.75]}},"enderPearl":{"rotation":{"0.0":[0,-12.5,-110],"0.92":[0,-12.5,-110.1],"1.8":[0,-12.5,-110.43],"7.84":[0,-12.5,-119.24],"9.36":[0,-12.5,-119.53],"9.88":[0,-12.5,-119.75],"10.4":[0,-12.5,-119.53],"11.92":[0,-12.5,-119.24],"17.96":[0,-12.5,-110.43],"18.96":[0,-12.5,-110.1],"20.56":[0,-12.5,-110]},"position":{"0.0":[-2,11,-8],"0.4":[-2,11,-8.0084],"0.92":[-2,11,-8.02941],"1.8":[-2,11,-8.125],"3.28":[-2,11,-8.42886],"7.04":[-2,11,-9.44405],"7.84":[-2,11,-9.59239],"8.68":[-2,11,-9.68332],"9.36":[-2,11,-9.73431],"9.88":[-2,11,-9.75],"10.4":[-2,11,-9.73431],"11.08":[-2,11,-9.68332],"11.92":[-2,11,-9.59239],"12.72":[-2,11,-9.44405],"16.48":[-2,11,-8.42886],"17.96":[-2,11,-8.125],"18.96":[-2,11,-8.02941],"19.76":[-2,11,-8.0084],"20.56":[-2,11,-8]},"scale":[1.2,1.2,1.6]},"waist":{"rotation":[-7.5,0,-5],"position":{"0.0":[1,0,0],"0.4":[1,-0.00132,0],"0.92":[1,-0.00462,0],"1.8":[1,-0.01964,0],"3.28":[1,-0.06739,0],"7.04":[1,-0.22692,0],"7.84":[1,-0.25023,0],"8.68":[1,-0.26452,0],"9.36":[1,-0.27253,0],"9.88":[1,-0.275,0],"10.4":[1,-0.27253,0],"11.08":[1,-0.26452,0],"11.92":[1,-0.25023,0],"12.72":[1,-0.22692,0],"16.48":[1,-0.06739,0],"17.96":[1,-0.01964,0],"18.96":[1,-0.00462,0],"19.76":[1,-0.00132,0],"20.56":[1,0,0]}},"head":{"rotation":{"0.0":[7,0,0],"0.4":[7.03001,0,0],"0.92":[7.10504,0,0],"1.8":[7.44643,0,0],"3.28":[8.53165,0,0],"7.04":[12.15733,0,0],"7.84":[12.68711,0,0],"8.68":[13.01185,0,0],"9.36":[13.19397,0,0],"9.88":[13.25,0,0],"10.4":[13.19397,0,0],"11.08":[13.01185,0,0],"11.92":[12.68711,0,0],"12.72":[12.15733,0,0],"16.48":[8.53165,0,0],"17.96":[7.44643,0,0],"18.96":[7.10504,0,0],"19.76":[7.03001,0,0],"20.56":[7,0,0]},"position":{"0.04":[-0.05,0,0],"0.44":[-0.05,0,-0.00036],"0.96":[-0.05,0,-0.00126],"1.84":[-0.05,0,-0.00536],"3.32":[-0.05,0,-0.01838],"7.08":[-0.05,0,-0.06189],"7.88":[-0.05,0,-0.06825],"8.72":[-0.05,0,-0.07214],"9.4":[-0.05,0,-0.07433],"9.92":[-0.05,0,-0.075],"10.44":[-0.05,0,-0.07433],"11.12":[-0.05,0,-0.07214],"11.96":[-0.05,0,-0.06825],"12.76":[-0.05,0,-0.06189],"16.52":[-0.05,0,-0.01838],"18.0":[-0.05,0,-0.00536],"19.0":[-0.05,0,-0.00126],"19.8":[-0.05,0,-0.00036],"20.6":[-0.05,0,0]}},"rightEyebrow":{"position":{"0.0":[0,0,0],"0.8":[0,-0.01,0],"1.52":[0,-0.03,0],"8.68":[0,-0.53,0],"9.36":[0,-0.56,0],"9.88":[0,-0.575,0],"10.4":[0,-0.56,0],"11.08":[0,-0.53,0],"18.96":[0,-0.03,0],"19.76":[0,-0.01,0],"20.56":[0,0,0]}},"leftEyebrow":{"position":{"0.0":[0,0,0],"0.8":[0,-0.01,0],"1.52":[0,-0.03,0],"8.68":[0,-0.53,0],"9.36":[0,-0.56,0],"9.88":[0,-0.575,0],"10.4":[0,-0.56,0],"11.08":[0,-0.53,0],"18.96":[0,-0.03,0],"19.76":[0,-0.01,0],"20.56":[0,0,0]}},"leftArm":{"rotation":{"0.0":[52.5,-37.5,0],"0.4":[52.5,-37.53481,0],"0.92":[52.5,-37.62185,0],"1.8":[52.5,-38.01786,0],"3.28":[52.5,-39.27671,0],"7.04":[52.5,-43.4825,0],"7.84":[52.5,-44.09705,0],"8.68":[52.5,-44.47375,0],"9.36":[52.5,-44.685,0],"9.88":[52.5,-44.75,0],"10.4":[52.5,-44.685,0],"11.08":[52.5,-44.47375,0],"11.92":[52.5,-44.09705,0],"12.72":[52.5,-43.4825,0],"16.48":[52.5,-39.27671,0],"17.96":[52.5,-38.01786,0],"18.96":[52.5,-37.62185,0],"19.76":[52.5,-37.53481,0],"20.56":[52.5,-37.5,0]},"position":{"0.0":[-1,-0.75,2],"0.4":[-1,-0.75156,2],"0.92":[-1,-0.75546,2],"1.8":[-1,-0.77321,2],"3.28":[-1,-0.82965,2],"7.04":[-1,-1.01818,2],"7.84":[-1,-1.04573,2],"8.68":[-1,-1.06262,2],"9.36":[-1,-1.07209,2],"9.88":[-1,-1.075,2],"10.4":[-1,-1.07209,2],"11.08":[-1,-1.06262,2],"11.92":[-1,-1.04573,2],"12.72":[-1,-1.01818,2],"16.48":[-1,-0.82965,2],"17.96":[-1,-0.77321,2],"18.96":[-1,-0.75546,2],"19.76":[-1,-0.75156,2],"20.56":[-1,-0.75,2]}},"rightArm":{"rotation":{"0.0":[-90,-70,-15],"0.4":[-90,-70.06122,-15],"0.92":[-90,-70.21429,-15],"1.8":[-90,-70.91071,-15],"3.28":[-90,-73.12456,-15],"7.04":[-90,-80.52095,-15],"7.84":[-90,-81.6017,-15],"8.68":[-90,-82.26418,-15],"9.36":[-90,-82.63569,-15],"9.88":[-90,-82.75,-15],"10.4":[-90,-82.63569,-15],"11.08":[-90,-82.26418,-15],"11.92":[-90,-81.6017,-15],"12.72":[-90,-80.52095,-15],"16.48":[-90,-73.12456,-15],"17.96":[-90,-70.91071,-15],"18.96":[-90,-70.21429,-15],"19.76":[-90,-70.06122,-15],"20.56":[-90,-70,-15]},"position":{"0.0":[5.05,-1.5,-1.725],"0.4":[5.05,-1.49724,-1.72498],"0.92":[5.05,-1.49034,-1.72492],"1.8":[5.05,-1.45893,-1.72464],"3.28":[5.05,-1.35909,-1.72377],"7.04":[5.05,-1.02553,-1.72087],"7.84":[5.05,-0.97679,-1.72045],"8.68":[5.05,-0.94691,-1.72019],"9.36":[5.05,-0.93016,-1.72004],"9.88":[5.05,-0.925,-1.72],"10.4":[5.05,-0.93016,-1.72004],"11.08":[5.05,-0.94691,-1.72019],"11.92":[5.05,-0.97679,-1.72045],"12.72":[5.05,-1.02553,-1.72087],"16.48":[5.05,-1.35909,-1.72377],"17.96":[5.05,-1.45893,-1.72464],"18.96":[5.05,-1.49034,-1.72492],"19.76":[5.05,-1.49724,-1.72498],"20.56":[5.05,-1.5,-1.725]}}}}}}