{"format_version":"1.8.0","animations":{"animation.hive.hub.game.sg.idle":{"loop":true,"animation_length":4.96,"bones":{"leftLeg":{"rotation":[-12.5,0,0],"position":[-0.05,0.125,-0.35]},"rightLeg":{"rotation":{"0.0":[40,0,0],"4.32":[40,0,0],"4.56":[40,0,0],"4.84":[40,0,0]},"position":[0,-1,0]},"waist":{"rotation":{"0.0":[12.5,0,-2.5],"4.32":[12.5,0,-2.5],"4.56":[12.5,0,-2.5],"4.84":[12.5,0,-2.5]},"position":{"0.0":[0,-0.25,0],"0.2":[0,-0.26339,0],"0.64":[0,-0.31308,0],"1.76":[0,-0.52259,0],"1.96":[0,-0.56282,0],"2.12":[0,-0.57043,0],"2.28":[0,-0.575,0],"2.4":[0,-0.57043,0],"2.56":[0,-0.56282,0],"2.88":[0,-0.52259,0],"3.96":[0,-0.31308,0],"4.32":[0,-0.27384,0],"4.56":[0,-0.25595,0],"4.84":[0,-0.25,0]}},"head":{"rotation":{"0.0":[-2.5,-5,0],"0.2":[-2.70089,-5,0],"0.64":[-3.44621,-5,0],"1.76":[-5.83878,-5,0],"1.96":[-6.06723,-5,0],"2.12":[-6.18146,-5,0],"2.24":[-6.25,-5,0],"2.4":[-6.18146,-5,0],"2.56":[-6.06723,-5,0],"2.88":[-5.83878,-5,0],"3.96":[-3.44621,-5,0],"4.32":[-2.85754,-5,0],"4.56":[-2.58929,-5,0],"4.84":[-2.5,-5,0]}},"leftArm":{"rotation":{"0.0":[27.5,0,0],"4.32":[27.5,0,0],"4.56":[27.5,0,0],"4.84":[27.5,0,0]},"position":{"0.0":[0,-1,3],"0.2":[0,-1.00937,3],"0.64":[0,-1.04416,3],"1.76":[0,-1.15581,3],"1.96":[0,-1.16647,3],"2.12":[0,-1.1718,3],"2.28":[0,-1.175,3],"2.4":[0,-1.1718,3],"2.56":[0,-1.16647,3],"2.88":[0,-1.15581,3],"3.96":[0,-1.04416,3],"4.32":[0,-1.01669,3],"4.56":[0,-1.00417,3],"4.84":[0,-1,3]}},"rightArm":{"rotation":{"0.0":[-45,-50,15],"0.2":[-45.09375,-50,15],"0.64":[-45.44156,-50,15],"1.76":[-46.5581,-50,15],"1.96":[-46.66471,-50,15],"2.12":[-46.71802,-50,15],"2.28":[-46.75,-50,15],"2.4":[-46.71802,-50,15],"2.56":[-46.66471,-50,15],"2.88":[-46.5581,-50,15],"3.96":[-45.44156,-50,15],"4.32":[-45.16685,-50,15],"4.56":[-45.04167,-50,15],"4.84":[-45,-50,15]},"position":{"0.0":[-0.75,-1.75,-0.9],"0.2":[-0.75,-1.75804,-0.9],"0.64":[-0.75,-1.78785,-0.9],"1.76":[-0.75,-1.88355,-0.9],"1.96":[-0.75,-1.89269,-0.9],"2.12":[-0.75,-1.89726,-0.9],"2.28":[-0.75,-1.9,-0.9],"2.4":[-0.75,-1.89726,-0.9],"2.56":[-0.75,-1.89269,-0.9],"2.88":[-0.75,-1.88355,-0.9],"3.96":[-0.75,-1.78785,-0.9],"4.32":[-0.75,-1.7643,-0.9],"4.56":[-0.75,-1.75357,-0.9],"4.84":[-0.75,-1.75,-0.9]}}}}}}