{"format_version":"1.8.0","animations":{"animation.hive.hub.game.sky.idle":{"loop":true,"animation_length":7.36,"bones":{"root":{"rotation":[5,0,0],"position":[0,1,0]},"rightLeg":{"rotation":[7.25,0,10],"position":[0,0.5,-0.075]},"head":{"rotation":[2.5,0,0],"position":{"0.0":[0,-0.75,-1.25],"0.28":[0,-0.725,-1.25],"0.76":[0,-0.65,-1.25],"2.36":[0,-0.18,-1.25],"3.0":[0,-0.08,-1.25],"3.72":[0,0,-1.25],"4.48":[0,-0.08,-1.25],"5.12":[0,-0.18,-1.25],"6.72":[0,-0.65,-1.25],"7.32":[0,-0.75,-1.25]},"scale":0.99},"leftArm":{"rotation":{"0.0":[15,0,-45],"0.28":[15,0,-45.14957],"1.04":[15,0,-45.86],"2.28":[15,0,-49.05],"3.2":[15,0,-49.77],"3.6":[15,0,-50],"4.0":[15,0,-49.77],"4.92":[15,0,-49.05],"6.16":[15,0,-45.86],"6.8":[15,0,-45.27],"7.32":[15,0,-45]},"position":[0,0,1]},"rightArm":{"rotation":{"0.0":[15,0,45],"0.28":[15,0,45.14957],"1.04":[15,0,45.86],"2.28":[15,0,49.05],"3.2":[15,0,49.77],"3.6":[15,0,50],"4.0":[15,0,49.77],"4.92":[15,0,49.05],"6.16":[15,0,45.86],"6.8":[15,0,45.27],"7.32":[15,0,45]},"position":[0,0,1]},"rightwing":{"rotation":{"0.0":[0,0,10],"0.28":[0.20889,0.13778,10.13778],"0.48":[0.47,0.31,10.31],"0.96":[1.25,0.83,10.83],"2.28":[5.59,3.72,13.72],"2.88":[6.78,4.52,14.52],"3.24":[7.26,4.84,14.84],"3.36":[7.37,4.91,14.91],"3.68":[7.5,5,15],"3.96":[7.37,4.91,14.91],"4.12":[7.26,4.84,14.84],"4.48":[6.78,4.52,14.52],"5.04":[5.59,3.72,13.72],"6.4":[1.25,0.83,10.83],"6.84":[0.47,0.31,10.31],"7.12":[0.14,0.1,10.1],"7.32":[0,0,10]}},"leftwing":{"rotation":{"0.0":[0,0,-10],"0.28":[0.20889,-0.13778,-10.13778],"0.48":[0.47,-0.31,-10.31],"0.96":[1.25,-0.83,-10.83],"2.28":[5.59,-3.72,-13.72],"2.88":[6.78,-4.52,-14.52],"3.24":[7.26,-4.84,-14.84],"3.36":[7.37,-4.91,-14.91],"3.68":[7.5,-5,-15],"3.96":[7.37,-4.91,-14.91],"4.12":[7.26,-4.84,-14.84],"4.48":[6.78,-4.52,-14.52],"5.04":[5.59,-3.72,-13.72],"6.4":[1.25,-0.83,-10.83],"6.84":[0.47,-0.31,-10.31],"7.12":[0.14,-0.1,-10.1],"7.32":[0,0,-10]}},"leftLeg":{"rotation":[7.25,0,-10],"position":[0,0.5,-0.075]}}}}}