{"format_version":"1.8.0","animations":{"animation.hive.hub.game.wars.idle":{"loop":true,"animation_length":5.76,"bones":{"leftleg":{"rotation":[5,0,-2.5]},"rightleg":{"rotation":[-10,7.5,0]},"head":{"rotation":[-10,12.5,5],"position":{"0.0":[0.25,1,0.75],"0.32":[0.25,0.984,0.75],"0.96":[0.25,0.92,0.75],"2.56":[0.25,0.76447,0.75],"2.84":[0.25,0.75,0.75],"4.68":[0.25,0.92,0.75],"5.32":[0.25,0.98316,0.75],"5.76":[0.25,1,0.75]}},"leftarm":{"rotation":[15,7.5,-10],"position":{"0.0":[0,1,2],"0.32":[0,0.99,2],"0.64":[0,0.97,2],"0.96":[0,0.92,2],"1.92":[0,0.61,2],"2.32":[0,0.53,2],"2.56":[0,0.512,2],"2.84":[0,0.5,2],"3.28":[0,0.53,2],"3.68":[0,0.61,2],"4.68":[0,0.92,2],"4.96":[0,0.97,2],"5.32":[0,0.98909,2],"5.76":[0,1,2]}},"rightarm":{"rotation":[22.5,180,160],"position":{"0.0":[-0.75,4,0],"0.32":[-0.75,4.01,0],"0.64":[-0.75,4.03,0],"0.96":[-0.75,4.08,0],"1.92":[-0.75,4.39,0],"2.32":[-0.75,4.47,0],"2.56":[-0.75,4.488,0],"2.84":[-0.75,4.5,0],"3.28":[-0.75,4.47,0],"3.68":[-0.75,4.39,0],"4.68":[-0.75,4.08,0],"4.96":[-0.75,4.03,0],"5.32":[-0.75,4.01091,0],"5.76":[-0.75,4,0]}}}}}}