{"format_version":"1.8.0","animations":{"animation.hive.bridge.trapdoor.shake":{"loop":"hold_on_last_frame","animation_length":3.12,"bones":{"root":{"position":{"1.56":[0,0,0],"1.64":[0,-0.05424,0],"1.72":[0,0,0],"1.8":[0,-0.05424,0],"1.88":[0,0,0],"1.96":[0,-0.08881,0],"2.04":[0,0,0],"2.12":[0,-0.12687,0],"2.2":[0,0,0],"2.28":[0,-0.145,0],"2.36":[0,0,0],"2.44":[0,-0.18125,0],"2.52":[0,0,0],"2.6":[0,-0.18125,0],"2.68":[0,0,0],"2.72":[0,-0.23562,0],"2.76":[0,0,0],"2.8":[0,-0.23562,0],"2.84":[0,0,0],"2.88":[0,-0.36063,0],"2.92":[0,0,0],"2.96":[0,-0.35344,0],"3.0":[0,0,0],"3.12":[0,0,0]}}}},"animation.hive.bridge.trapdoor.open":{"loop":"hold_on_last_frame","animation_length":2.4,"bones":{"leftDoor":{"rotation":{"0.0":[0,0,0],"0.08":[0,0,2.44],"0.16":[0,0,12.19],"0.28":[0,0,76.17],"0.36":[0,0,86.83],"0.4":[0,0,92.16],"0.48":[0,0,97.5],"0.56":[0,0,100.25],"0.68":[0,0,101.9],"0.76":[0,0,102.63],"0.84":[0,0,103],"0.92":[0,0,102.5],"1.0":[0,0,101],"1.24":[0,0,92.44],"1.36":[0,0,90],"1.56":[0,0,89.11],"1.68":[0,0,88.75],"1.8":[0,0,89],"2.0":[0,0,89.62],"2.2":[0,0,89.89],"2.4":[0,0,90]}},"rightDoor":{"rotation":{"0.0":[0,0,0],"0.08":[0,0,-2.44],"0.16":[0,0,-12.19],"0.28":[0,0,-76.17],"0.32":[0,0,-86.83],"0.36":[0,0,-92.16],"0.44":[0,0,-97.5],"0.52":[0,0,-100.25],"0.64":[0,0,-101.9],"0.72":[0,0,-102.63],"0.8":[0,0,-103],"0.88":[0,0,-102.5],"0.96":[0,0,-101],"1.2":[0,0,-92.44],"1.32":[0,0,-90],"1.52":[0,0,-89.11],"1.64":[0,0,-88.75],"1.76":[0,0,-89],"1.96":[0,0,-89.62],"2.16":[0,0,-89.89],"2.36":[0,0,-90]}}}},"animation.hive.bridge.trapdoor.open.hold":{"loop":"hold_on_last_frame","bones":{"leftDoor":{"rotation":[0,0,90]},"rightDoor":{"rotation":[0,0,-90]}}}}}