{"format_version":"1.8.0","animations":{"animation.hive.grav.death.soul":{"loop":"hold_on_last_frame","animation_length":5.56,"bones":{"root":{"rotation":{"0.0":[0,0,0],"5.56":[0,0,"-math.cos(query.life_time * 160) * 24"]},"position":{"0.0":[0,0,0],"0.44":[0,0.06162,0],"0.92":[0,0.3418,0],"1.24":[0,0.66576,0],"1.68":[0,1.31272,0],"2.08":[0,2.12809,0],"2.44":[0,3.07342,0],"2.76":[0,4.10715,0],"3.04":[0,5.18099,0],"3.28":[0,6.24478,0],"3.52":[0,7.45913,0],"3.72":[0,8.60164,0],"3.92":[0,9.87966,0],"4.08":[0,11.01292,0],"4.24":[0,12.25851,0],"4.4":[0,13.63336,0],"4.44":[0,13.99927,0],"4.52":[0,14.76148,0],"4.56":[0,15.15788,0],"4.6":[0,15.56608,0],"4.64":[0,15.98559,0],"4.68":[0,16.41716,0],"4.72":[0,16.86155,0],"4.76":[0,17.31988,0],"4.8":[0,17.79254,0],"4.84":[0,18.28032,0],"4.88":[0,18.78433,0],"4.92":[0,19.3059,0],"4.96":[0,19.84581,0],"5.0":[0,20.40514,0],"5.04":[0,20.98655,0],"5.08":[0,21.59056,0],"5.12":[0,22.2203,0],"5.16":[0,22.87783,0],"5.2":[0,23.56587,0],"5.24":[0,24.2888,0],"5.28":[0,25.04983,0],"5.32":[0,25.85539,0],"5.36":[0,26.7123,0],"5.4":[0,27.62958,0],"5.44":[0,28.62015,0],"5.48":[0,29.70132,0],"5.52":[0,30.89139,0],"5.56":[0,32,0]}},"body":{"rotation":{"0.08":[0,0,0],"0.36":[0,0,0]},"position":{"0.08":[0,-4.5,0],"0.12":[0,-4.2,0],"0.16":[0,-0.3,0],"0.36":[0,1.77,0],"0.6":[0,2.685,0],"0.8":[0,2.88,0],"1.04":[0,2.955,0],"1.4":[0,3,0]},"scale":{"0.0":[0,0,0],"0.08":[0.5,0.4,0.3],"0.16":[1,1,1],"4.48":[1,1,1],"4.76":[0.9333,0.9333,0.9333],"5.04":[0.8,0.8,0.8],"5.32":[0.5333,0.5333,0.5333],"5.48":[0.2133,0.2133,0.2133],"5.56":[0,0,0]}},"mass":{"position":{"0.0":["math.cos(query.life_time * 160) * 1.5",0,0],"5.56":["math.cos(query.life_time * 160) * 7",0,0]}}}}}}