{"format_version":"1.8.0","animations":{"animation.hive.replay.logo.reveal":{"loop":"hold_on_last_frame","animation_length":2.76,"bones":{"clapper":{"rotation":{"0.36":[0,0,-35],"0.8":[0,0,2.5],"1.0":[0,0,11.42857],"1.08":[0,0,13.21429],"1.16":[0,0,14.10714],"1.24":[0,0,14.55357],"1.32":[0,0,14.77679],"1.52":[0,0,15],"1.64":[0,0,14.16667],"1.72":[0,0,7.5],"1.8":[0,0,10.75],"1.88":[0,0,10.375],"2.04":[0,0,10.09375],"2.16":[0,0,10]},"position":{"0.36":[12.25,-23,-2],"0.4":[11.49,-20.42,-2],"0.8":[3.92,5.33,-2],"1.0":[2.72714,10.79071,-2],"1.08":[2.48857,11.88286,-2],"1.16":[2.36929,12.42893,-2],"1.24":[2.30964,12.70196,-2],"1.32":[2.27982,12.83848,-2],"1.52":[2.25,12.975,-2],"1.64":[2.25,12.64583,-2],"1.72":[2.25,10.175,-2],"1.8":[2.25,11,-2],"1.88":[2.25,11,-2],"2.04":[2.25,11,-2],"2.16":[2.25,11,-2]},"scale":{"0.36":[0,0,0],"0.56":[1,1.1,4],"0.8":[3.25,3.275,4],"1.0":[3.78571,3.79286,4],"1.08":[3.89286,3.89643,4],"1.16":[3.94643,3.94821,4],"1.24":[3.97321,3.97411,4],"1.32":[3.98661,3.98705,4],"1.52":[4,4,4],"1.64":[4,4,4],"1.72":[4,4,4],"1.8":[4,4,4],"1.88":[4,4,4],"2.04":[4,4,4],"2.16":[4,4,4]}},"cinema":{"scale":{"1.88":[1,0,1],"1.96":[1,0.2,1],"2.08":[1,0.4667,1],"2.16":[1,1,1],"2.2":[1,1.0475,1],"2.28":[1,0.985,1],"2.32":[1,0.995,1],"2.4":[1,1,1]}},"replay":{"scale":{"1.8":[1,0,1],"1.88":[1,0.2,1],"1.96":[1,0.4667,1],"2.08":[1,1,1],"2.12":[1,1.0475,1],"2.2":[1,0.985,1],"2.28":[1,0.995,1],"2.32":[1,1,1]}},"text":{"rotation":{"1.76":[5,0,0],"2.08":[0,0,0]},"position":{"1.76":[0,-4,2],"2.08":[0,0,0],"2.24":[0,-0.275,0],"2.32":[0,-0.11,0],"2.44":[0,-0.04,0],"2.6":[0,-0.02,0],"2.76":[0,0,0]},"scale":{"1.76":[1,1,0],"2.08":[1,1,1]}},"top":{"rotation":{"1.52":[0,0,0],"1.64":[0,0,1.25],"1.68":[0,0,5],"1.72":[0,0,8],"1.76":[0,0,-12],"1.8":[0,0,-17.5],"1.88":[0,0,1.75],"2.08":[0,0,-0.5],"2.28":[0,0,0]},"scale":{"1.72":[1,1,1],"1.76":[1,1.2,1],"1.8":[1,1,1]}},"bone":{"rotation":{"0.36":[0,-40,0],"1.16":[0,-9.41,0],"1.76":[0,0,0]}}}},"animation.hive.replay.logo.static":{"loop":true,"bones":{"clapper":{"rotation":[0,0,10],"position":[2.25,11,-2],"scale":4}}}}}