{"format_version":"1.8.0","animations":{"animation.hive.ctf.beacon.pickup":{"loop":"hold_on_last_frame","animation_length":0.8,"bones":{"flagPickup":{"scale":{"0.0":[0.56,0,0.56],"0.08":[2.05338,0.14,2.05338],"0.12":[2.87,0.63,2.87],"0.16":[2.1,1.4,2.1],"0.2":[1.07338,1.86662,1.07338],"0.24":[0.42,2.8,0.42],"0.32":[0.21,2.94,0.21],"0.44":[0.105,3.01,0.105],"0.6":[0.035,3.0567,0.035],"0.76":[0,3.08,0],"0.8":[0,0,0]}}}},"animation.hive.ctf.beacon.drop":{"loop":"hold_on_last_frame","animation_length":1.32,"bones":{"flagPickup":{"scale":{"0.0":[0,0,0],"0.04":[0.035,0.4033,0.035],"0.12":[0.105,3.01,0.105],"0.24":[0.42,2.8,0.42],"0.4":[0.4625,0.1,0.54],"0.52":[0.875,0.03,0.845],"0.8":[1.6345,0.009,1.5555],"1.0":[1.8298,0.0036,1.7382],"1.24":[1.96,0,1.86]}}}},"animation.hive.ctf.beacon.capture":{"loop":"hold_on_last_frame","animation_length":2.04,"bones":{"flagPickup":{"scale":{"0.0":[0,1.35,0],"0.04":[0.0694,1.35,0.0638],"0.2":[0.2775,1.35,0.255],"0.28":[0.3663,0.925,0.3825],"0.32":[0.455,0.5,0.51],"0.44":[3,0.145,3],"0.52":[3.2857,0.1036,3.2857],"0.68":[3.5714,0.0621,3.5714],"1.04":[3.8571,0.0207,3.8571],"1.28":[3.9428,0.0083,3.9428],"1.52":[3.9771,0.0033,3.9771],"1.88":[4,0,4],"2.04":[0,0,0]}}}}}}