{"format_version":"1.8.0","animations":{"animation.hive.ctf.flag.spawn.wait":{"loop":true,"bones":{"root":{"scale":[0,0,0]}}},"animation.hive.ctf.flag.spawn.up":{"loop":"hold_on_last_frame","animation_length":1.6,"bones":{"root":{"position":{"0.0":[0,-6.35,0],"0.08":[0,-5.2,0],"0.16":[0,0.42,0],"0.24":[0,7.91,0],"0.32":[0,10.4,0],"0.4":[0,11.23,0],"0.52":[0,11.65,0],"0.6":[0,11.22,0],"0.68":[0,10.36,0],"0.76":[0,6.22,0],"0.84":[0,0,0],"0.88":[0,0.88,0],"0.96":[0,1.175,0],"1.04":[0,0.98,0],"1.08":[0,0,0]},"scale":{"0.0":[1,0.1,0],"0.24":[1,1,1]}},"flag":{"rotation":{"0.0":[0,0,0],"0.16":[0,0,6.5],"0.68":[0,0,-3],"0.76":[0,0,-7],"0.84":[0,0,-11.25],"0.92":[0,0,3.875],"1.08":[0,0,-0.5625],"1.2":[0,0,1.125],"1.32":[0,0,0.45],"1.44":[0,0,0.18],"1.6":[0,0,0]}}}},"animation.hive.ctf.flag.spawn.drop":{"loop":"hold_on_last_frame","animation_length":1.56,"bones":{"root":{"position":{"0.0":[0,83,0],"0.08":[0,73.78,0],"0.16":[0,52.7,0],"0.24":[0,0,0],"0.32":[0,2.82,0],"0.4":[0,4.07,0],"0.48":[0,4.49,0],"0.64":[0,4.7,0],"0.68":[0,4.56,0],"0.76":[0,4.27,0],"0.84":[0,3.2,0],"0.92":[0,0,0],"1.0":[0,0.6,0],"1.04":[0,0.5,0],"1.16":[0,0,0]},"scale":{"0.0":[1,0.1,0.1],"0.08":[1,0.25,0.25],"0.24":[1,1,1]}},"flag":{"rotation":{"0.24":[0,0,0],"0.28":[0,0,6.545],"0.48":[0,0,0.86625],"0.76":[0,0,-0.67375],"0.84":[0,0,-2.1175],"0.96":[0,0,1.925],"1.08":[0,0,0.1925],"1.16":[0,0,-0.385],"1.32":[0,0,-0.154],"1.56":[0,0,0]}}}},"animation.hive.ctf.flag.idle":{"loop":true,"animation_length":7.12,"bones":{"lower":{"rotation":{"0.0":[0,17.5,0],"0.16":[0,17.45,0],"0.28":[0,17.37,0],"0.48":[0,16.96,0],"0.72":[0,15.61,0],"1.16":[0,10.49,0],"2.44":[0,-10.49,0],"2.88":[0,-15.61,0],"3.12":[0,-16.96,0],"3.32":[0,-17.37,0],"3.44":[0,-17.5,0],"3.68":[0,-17.45,0],"3.8":[0,-17.37,0],"4.0":[0,-16.96,0],"4.24":[0,-15.61,0],"4.68":[0,-10.49,0],"5.96":[0,10.49,0],"6.4":[0,15.61,0],"6.64":[0,16.96,0],"6.84":[0,17.37,0],"6.96":[0,17.45,0],"7.12":[0,17.5,0]}},"lower2":{"rotation":{"0.0":[0,10.49,0],"0.44":[0,15.61,0],"0.68":[0,16.96,0],"0.88":[0,17.37,0],"1.0":[0,17.45,0],"1.16":[0,17.5,0],"1.32":[0,17.45,0],"1.44":[0,17.37,0],"1.64":[0,16.96,0],"1.88":[0,15.61,0],"2.32":[0,10.49,0],"3.6":[0,-10.49,0],"4.04":[0,-15.61,0],"4.28":[0,-16.96,0],"4.48":[0,-17.37,0],"4.6":[0,-17.5,0],"4.84":[0,-17.45,0],"4.96":[0,-17.37,0],"5.16":[0,-16.96,0],"5.4":[0,-15.61,0],"5.84":[0,-10.49,0],"7.12":[0,10.49,0]}}}},"animation.hive.ctf.flag.pickup":{"loop":"hold_on_last_frame","animation_length":0.2,"bones":{"root":{"position":{"0.0":[0,0,0],"0.12":[2,0,2]},"scale":{"0.0":[1,1,1],"0.12":[0,0.8,0],"0.2":[0,0,0]}}}}}}