{"format_version":"1.8.0","animations":{"animation.hive.ctf.icon.face":{"loop":true,"bones":{"bone":{"rotation":["query.rotation_to_camera(0)","query.rotation_to_camera(1)",0],"scale":["variable.icon_scale","variable.icon_scale",1]},"flag":{"position":[0,0,"-(variable.icon_scale * 0.25)"]},"flag_shadow":{"position":[0,"-(variable.icon_scale * 0.1)","-(variable.icon_scale * 0.1)"]},"ripple":{"position":[0,0,"variable.icon_scale * 0.1"]}}},"animation.hive.ctf.icon.pulse":{"loop":true,"animation_length":1.92,"bones":{"ripple":{"scale":{"0.0":[1,1,1],"0.32":[1.13152,1.13152,1],"0.72":[1.36167,1.36167,1],"1.0":[1.47833,1.47833,1],"1.48":[1.61833,1.61833,1],"1.92":[1.7,1.7,1]}},"tl":{"scale":{"0.0":[1,1,1],"0.32":[0.92212,1,1],"0.56":[0.80583,1,1],"1.0":[0.31667,1,1],"1.48":[0.11667,1,1],"1.92":[0,1,1]}},"tr":{"scale":{"0.0":[1,1,1],"0.32":[0.92212,1,1],"0.56":[0.80583,1,1],"1.0":[0.31667,1,1],"1.48":[0.11667,1,1],"1.92":[0,1,1]}},"bl":{"scale":{"0.0":[1,1,1],"0.32":[0.92212,1,1],"0.56":[0.80583,1,1],"1.0":[0.31667,1,1],"1.48":[0.11667,1,1],"1.92":[0,1,1]}},"br":{"scale":{"0.0":[1,1,1],"0.32":[0.92212,1,1],"0.56":[0.80583,1,1],"1.0":[0.31667,1,1],"1.48":[0.11667,1,1],"1.92":[0,1,1]}},"flag":{"scale":[0.95,0.95,1]},"flag_shadow":{"scale":[0.94,0.94,1]}}},"animation.hive.ctf.icon.spawn":{"loop":"hold_on_last_frame","animation_length":0.84,"bones":{"bone":{"scale":{"0.0":[0,0,1],"0.08":[0.1111,0.1111,1],"0.12":[0.2222,0.2222,1],"0.2":[0.4815,0.4815,1],"0.24":[1,1,1],"0.32":[1.0714,1.0714,1],"0.4":[1.0905,1.0905,1],"0.48":[1.1,1.1,1],"0.56":[1.0755,1.0735,1],"0.64":[0.9775,0.9675,1],"0.72":[0.9888,0.9838,1],"0.84":[1,1,1]}}}},"animation.hive.ctf.icon.despawn":{"loop":"hold_on_last_frame","animation_length":0.4,"bones":{"bone":{"scale":{"0.0":[1,1,1],"0.28":[0.1,0.1,1],"0.4":[0,0,1]}}}},"animation.hive.ctf.icon.despawn.hold":{"loop":"hold_on_last_frame","bones":{"bone":{"scale":[0,0,1]}}},"animation.hive.ctf.icon.spawnArrow":{"loop":"hold_on_last_frame","animation_length":1.88,"bones":{"bone":{"scale":{"0.0":[0,0,1],"0.08":[0.1111,0.1111,1],"0.12":[0.2222,0.2222,1],"0.2":[0.4815,0.4815,1],"0.36":[1.69,1.69,1.69],"0.44":[1.81067,1.81067,1.69],"0.52":[1.84295,1.84295,1.69],"0.64":[1.859,1.859,1.69],"1.44":[1.859,1.859,1.69],"1.52":[1.8176,1.81422,1.69],"1.68":[0.92863,0.91913,0.95],"1.76":[0.9888,0.9838,1],"1.88":[1,1,1]}}}}}}