{"format_version":"1.8.0","animations":{"animation.hive.ctf.upgrade.station.spawn":{"loop":"hold_on_last_frame","animation_length":0.64,"bones":{"root":{"rotation":{"0.0":[0,-90,0],"0.12":[0,-17.14286,0],"0.24":[0,-5.71429,0],"0.32":[0,-1.9,0],"0.4":[0,-0.63,0],"0.48":[0,-0.21,0],"0.56":[0,0,0]},"scale":{"0.0":[0,1,0],"0.08":[0.14286,1,0.14286],"0.16":[0.42857,1,0.42857],"0.24":[0.80952,1,0.80952],"0.32":[0.93651,1,0.93651],"0.36":[1,1,1]}}}},"animation.hive.ctf.upgrade.station.idle":{"loop":true,"animation_length":10.8,"bones":{"sign":{"rotation":{"0.0":[0,0,0],"10.8":[0,360,0]}},"text":{"position":{"0.0":[0,0,0],"0.7":[0,0.14884,0],"1.1":[0,0.36934,0],"1.4":[0,0.7938,0],"2.0":[0,1.91835,0],"2.3":[0,2.09475,0],"2.7":[0,2.205,0],"3.1":[0,2.09475,0],"3.4":[0,1.91835,0],"4.0":[0,0.7938,0],"4.3":[0,0.36934,0],"4.7":[0,0.14884,0],"5.4":[0,0,0],"6.1":[0,0.14884,0],"6.5":[0,0.36934,0],"6.8":[0,0.7938,0],"7.4":[0,1.91835,0],"7.8":[0,2.09475,0],"8.1":[0,2.205,0],"8.5":[0,2.09475,0],"8.8":[0,1.91835,0],"9.4":[0,0.7938,0],"9.7":[0,0.36934,0],"10.1":[0,0.14884,0],"10.8":[0,0,0]}}}},"animation.hive.ctf.upgrade.station.proximity.enter":{"loop":"hold_on_last_frame","animation_length":1.08,"bones":{"sign":{"scale":{"0.0":[0,-0.1,1],"0.04":[0.775,0.12,1],"0.08":[0.8313,0.34,1],"0.24":[1,1,1],"0.32":[0.9583,1.05,1],"0.48":[1,0.965,1],"0.6":[1,1,1]}},"text":{"position":{"0.0":[0,0,0],"0.08":[0,-14.05,0],"0.24":[0,0,0]},"scale":{"0.08":[0.2,1,1],"0.2":[0.8125,1,1],"0.28":[1,1,1]}},"top":{"position":{"0.0":[0,0,0],"0.08":[0,-0.575,0],"0.28":[0,0,0]},"scale":{"0.0":[1,1,1],"0.08":[1,0.9613,1],"0.2":[1,1,1],"0.28":[1,1.0125,1],"0.4":[1,1,1]}},"screen1":{"rotation":[10,0,0],"position":[0,32.475,0.925],"scale":{"0.28":[0,0,1],"0.36":[0.0575,0.0025,1],"0.44":[0.1316,0.01,1],"0.52":[0.3538,0.0325,1],"0.6":[0.65,0.0625,1],"0.64":[0.925,0.225,1],"0.72":[1,1,1],"0.8":[1,1.0125,1],"0.88":[1,1,1]}},"screen2":{"rotation":[0,0,10],"position":{"0.56":[-0.125,33.25,0],"0.6":[-0.85,33.245,0]},"scale":{"0.28":[0,0,0],"0.36":[0.0575,0.0025,0.0025],"0.44":[0.1316,0.01,0.1],"0.52":[0.3538,0.0325,0.3325],"0.6":[1,0.0625,1],"0.64":[1,0.225,1],"0.72":[1,1,1],"0.8":[1,1.0125,1],"0.88":[1,1,1]}},"screen3":{"rotation":[-10,0,0],"position":[0,33.355,-0.92],"scale":{"0.28":[0,0,1],"0.36":[0.0575,0.0025,1],"0.44":[0.1316,0.01,1],"0.52":[0.3538,0.0325,1],"0.6":[0.65,0.0625,1],"0.64":[0.925,0.225,1],"0.72":[1,1,1],"0.8":[1,1.0125,1],"0.88":[1,1,1]}},"screen4":{"rotation":[0,0,-10],"position":{"0.56":[-0.025,32.25,0],"0.6":[0.925,32.25,0]},"scale":{"0.28":[0,0,0],"0.36":[0.0575,0.0025,0.0025],"0.44":[0.1316,0.01,0.1],"0.52":[0.3538,0.0325,0.3325],"0.6":[1,0.0625,1],"0.64":[1,0.225,1],"0.72":[1,1,1],"0.8":[1,1.0125,1],"0.88":[1,1,1]}}}},"animation.hive.ctf.upgrade.station.proximity.enter.hold":{"loop":"hold_on_last_frame","bones":{"sign":{"scale":[1,1,1]},"text":{"position":[0,0,0],"scale":[1,1,1]},"top":{"position":[0,0,0],"scale":[1,1,1]},"screen1":{"rotation":[10,0,0],"position":[0,32.475,0.925],"scale":[1,1,1]},"screen2":{"rotation":[0,0,10],"position":[-0.85,33.245,0],"scale":[1,1,1]},"screen3":{"rotation":[-10,0,0],"position":[0,33.355,-0.92],"scale":[1,1,1]},"screen4":{"rotation":[0,0,-10],"position":[0.925,32.25,0],"scale":[1,1,1]}}},"animation.hive.ctf.upgrade.station.proximity.leave":{"loop":"hold_on_last_frame","animation_length":0.68,"bones":{"sign":{"scale":{"0.0":[1,1,1],"0.12":[1,1,1],"0.2":[0.9859,0.945,1],"0.32":[0.8313,0.34,1],"0.36":[0.775,0.12,1],"0.4":[0,-0.1,1]}},"text":{"position":{"0.24":[0,0,0],"0.4":[0,-14.05,0],"0.48":[0,0,0]},"scale":{"0.2":[1,1,1],"0.28":[0.8125,1,1],"0.4":[0.2,1,1]}},"top":{"position":{"0.12":[0,0,0],"0.28":[0,-0.46,0],"0.36":[0,-0.575,0],"0.44":[0,-0.19,0],"0.52":[0,-0.06,0],"0.64":[0,0,0]},"scale":{"0.0":[1,1,1],"0.2":[1,1,1],"0.28":[1,0.9742,1],"0.36":[1,0.9613,1],"0.44":[1,0.9871,1],"0.52":[1,0.9957,1],"0.64":[1,1,1]}},"screen1":{"rotation":[10,0,0],"position":[0,32.475,0.925],"scale":{"0.0":[1,1,1],"0.08":[1,1.0125,1],"0.16":[1,1,1],"0.24":[0.925,0.225,1],"0.28":[0.65,0.0625,1],"0.36":[0.3538,0.0325,1],"0.44":[0.1316,0.01,1],"0.52":[0.0575,0.0025,1],"0.6":[0,0,1]}},"screen2":{"rotation":[0,0,10],"position":{"0.28":[-0.85,33.245,0],"0.32":[-0.125,33.25,0]},"scale":{"0.0":[1,1,1],"0.08":[1,1.0125,1],"0.16":[1,1,1],"0.24":[1,0.225,1],"0.28":[1,0.0625,1],"0.36":[0.3538,0.0325,0.3325],"0.44":[0.1316,0.01,0.1],"0.52":[0.0575,0.0025,0.0025],"0.6":[0,0,0]}},"screen3":{"rotation":[-10,0,0],"position":[0,33.355,-0.92],"scale":{"0.0":[1,1,1],"0.08":[1,1.0125,1],"0.16":[1,1,1],"0.24":[0.925,0.225,1],"0.28":[0.65,0.0625,1],"0.36":[0.3538,0.0325,1],"0.44":[0.1316,0.01,1],"0.52":[0.0575,0.0025,1],"0.6":[0,0,1]}},"screen4":{"rotation":[0,0,-10],"position":{"0.28":[0.925,32.25,0],"0.32":[-0.025,32.25,0]},"scale":{"0.0":[1,1,1],"0.08":[1,1.0125,1],"0.16":[1,1,1],"0.24":[1,0.225,1],"0.28":[1,0.0625,1],"0.36":[0.3538,0.0325,0.3325],"0.44":[0.1316,0.01,0.1],"0.52":[0.0575,0.0025,0.0025],"0.6":[0,0,0]}}}},"animation.hive.ctf.upgrade.station.proximity.leave.hold":{"loop":"hold_on_last_frame","bones":{"sign":{"scale":[0,-0.1,1]},"text":{"position":[0,0,0],"scale":[0.2,1,1]},"top":{"position":[0,0,0],"scale":[1,1,1]},"screen1":{"rotation":[10,0,0],"position":[0,32.475,0.925],"scale":[0,0,1]},"screen2":{"rotation":[0,0,10],"position":[-0.125,33.25,0],"scale":[0,0,1]},"screen3":{"rotation":[-10,0,0],"position":[0,33.355,-0.92],"scale":[0,0,1]},"screen4":{"rotation":[0,0,-10],"position":[-0.025,32.25,0],"scale":[0,0,1]}}},"animation.hive.ctf.upgrade.station.interact":{"loop":"hold_on_last_frame","animation_length":0.72,"bones":{"root":{"scale":{"0.0":[1,1,1],"0.04":[0.9509,1.0089,0.9475],"0.08":[0.9427,1.0116,0.9419],"0.16":[0.94,1.0125,0.94],"0.24":[0.957,1.0025,0.957],"0.28":[1.0063,0.9907,1.0063],"0.36":[1,1,1]}},"joystick1":{"rotation":{"0.0":[0,0,0],"0.12":[-19.5,0,0],"0.24":[-19.5,0,0],"0.32":[5.5,0,0],"0.4":[-1.75,0,0],"0.52":[0,0,0]}},"button1":{"position":{"0.04":[0,0,0],"0.12":[0,-1.2,0],"0.36":[0,-1.075,0],"0.48":[0,0.225,0],"0.56":[0,0,0]}},"button5":{"position":{"0.0":[0,0,0],"0.08":[0,-1.2,0],"0.24":[0,-1.075,0],"0.36":[0,0.225,0],"0.44":[0,0,0]}},"joystick2":{"rotation":{"0.0":[0,0,0],"0.12":[19.5,0,0],"0.24":[19.5,0,0],"0.32":[-5.5,0,0],"0.4":[1.75,0,0],"0.52":[0,0,0]}},"button2":{"position":{"0.04":[0,0,0],"0.12":[0,-1.2,0],"0.36":[0,-1.075,0],"0.48":[0,0.225,0],"0.56":[0,0,0]}},"button3":{"position":{"0.0":[0,0,0],"0.08":[0,-1.2,0],"0.24":[0,-1.075,0],"0.36":[0,0.225,0],"0.44":[0,0,0]}},"joystick3":{"rotation":{"0.0":[0,0,0],"0.12":[19.5,0,0],"0.24":[19.5,0,0],"0.32":[-5.5,0,0],"0.4":[1.75,0,0],"0.52":[0,0,0]}},"button4":{"position":{"0.0":[0,0,0],"0.08":[0,-1.2,0],"0.24":[0,-1.075,0],"0.36":[0,0.225,0],"0.44":[0,0,0]}},"button6":{"position":{"0.04":[0,0,0],"0.12":[0,-1.2,0],"0.36":[0,-1.075,0],"0.48":[0,0.225,0],"0.56":[0,0,0]}},"joystick4":{"rotation":{"0.0":[0,0,0],"0.12":[-19.5,0,0],"0.24":[-19.5,0,0],"0.32":[5.5,0,0],"0.4":[-1.75,0,0],"0.52":[0,0,0]}},"button7":{"position":{"0.04":[0,0,0],"0.12":[0,-1.2,0],"0.36":[0,-1.075,0],"0.48":[0,0.225,0],"0.56":[0,0,0]}},"button8":{"position":{"0.0":[0,0,0],"0.08":[0,-1.2,0],"0.24":[0,-1.075,0],"0.36":[0,0.225,0],"0.44":[0,0,0]}},"pile":{"scale":{"0.0":[1,1,1],"0.04":[1,0.9575,1],"0.28":[1,1.045,1],"0.36":[1,0.975,1],"0.44":[1,1,1]}},"arrow":{"position":{"0.0":[0,0,0],"0.16":[0,0.8125,0],"0.24":[0,1.03125,0],"0.36":[0,-0.28125,0],"0.44":[0,0,0]}},"arrow2":{"rotation":{"0.0":[0,0,0],"0.28":[-5.84695,-0.47341,-10.92939],"0.36":[0,0,3],"0.52":[0,0,-1],"0.6":[0,0,-0.5],"0.72":[0,0,0]}},"helmet":{"rotation":{"0.0":[0,0,0],"0.32":[-5.84695,-0.47341,-10.92939],"0.4":[0,0,0]},"position":{"0.0":[0,0,0],"0.12":[0,0.8125,0],"0.32":[0,1.03125,0],"0.4":[0,-0.28125,0],"0.48":[0,0,0]}},"boombox":{"rotation":{"0.0":[0,0,0],"0.32":[-6.25,0,0],"0.4":[0,0,0]},"position":{"0.0":[0,0,0],"0.12":[0,0.65,0],"0.28":[0,0.825,0],"0.4":[0,-0.225,0],"0.48":[0,0,0]}},"boombox2":{"rotation":{"0.0":[0,0,0],"0.32":[6.25,0,0],"0.36":[0,0,0]},