{"format_version":"1.8.0","animations":{"animation.hive.sky.spawn.vehicle.hoverbike.idle":{"loop":true,"animation_length":1.56,"bones":{"mainBody":{"rotation":{"0.0":[0,0,0],"0.08":[0,0,0.2],"0.16":[0,0,-0.2],"0.2":[0,0,0],"0.28":[0,0,0.2],"0.36":[0,0,-0.2],"0.44":[0,0,0],"0.52":[0,0,0.2],"0.6":[0,0,-0.2],"0.68":[0,0,0],"0.76":[0,0,0.2],"0.84":[0,0,-0.2],"0.92":[0,0,0],"1.0":[0,0,0.2],"1.08":[0,0,-0.2],"1.12":[0,0,0],"1.2":[0,0,0.2],"1.28":[0,0,-0.2],"1.36":[0,0,0],"1.44":[0,0,0.2],"1.52":[0,0,-0.2]}},"hoverRing1":{"position":{"0.0":[0,3,0],"1.52":[0,0,0],"1.56":[0,3,0]},"scale":{"0.0":[0.84,1.2,0.84],"0.08":[1.10076,1.16076,1.10076],"0.24":[1.15296,1.15296,1.15296],"0.44":[1.06176,1.06176,1.06176],"0.84":[0.69696,0.69696,0.69696],"1.32":[0.27132,0.27132,0.27132],"1.52":[0,0,0],"1.56":[0,0,0]}},"hoverRing2":{"position":{"0.0":[0,1.26,0],"0.64":[0,0,0],"0.68":[0,3,0],"0.72":[0,3,0],"1.56":[0,1.34,0]},"scale":{"0.0":[0.5512,0.5512,0.5512],"0.44":[0.2261,0.2261,0.2261],"0.64":[0,0,0],"0.68":[0,0,0],"0.72":[0.7,1,0.7],"0.8":[0.9173,0.9673,0.9173],"0.96":[0.9608,0.9608,0.9608],"1.16":[0.8848,0.8848,0.8848],"1.56":[0.5808,0.5808,0.5808]}},"hoverRing3":{"position":{"0.0":[0,3,0],"1.52":[0,0,0],"1.56":[0,3,0]},"scale":{"0.0":[0.84,1.2,0.84],"0.08":[1.10076,1.16076,1.10076],"0.24":[1.15296,1.15296,1.15296],"0.44":[1.06176,1.06176,1.06176],"0.84":[0.69696,0.69696,0.69696],"1.32":[0.27132,0.27132,0.27132],"1.52":[0,0,0],"1.56":[0,0,0]}},"hoverRing4":{"position":{"0.0":[0,1.26,0],"0.64":[0,0,0],"0.68":[0,3,0],"0.72":[0,3,0],"1.56":[0,1.34,0]},"scale":{"0.0":[0.5512,0.5512,0.5512],"0.44":[0.2261,0.2261,0.2261],"0.64":[0,0,0],"0.68":[0,0,0],"0.72":[0.7,1,0.7],"0.8":[0.9173,0.9673,0.9173],"0.96":[0.9608,0.9608,0.9608],"1.16":[0.8848,0.8848,0.8848],"1.56":[0.5808,0.5808,0.5808]}},"leftBooster":{"rotation":{"0.0":[0.5,0,0],"0.08":[-0.5,0,0],"0.2":[0.9,0,0],"0.28":[0.8,0,0],"0.36":[0,0,0],"0.48":[-1.2,0,0],"0.56":[0.5,0,0],"0.64":[-0.5,0,0],"0.76":[0.9,0,0],"0.84":[0.5,0,0],"0.92":[0,0,0],"1.04":[-1.2,0,0],"1.12":[0.5,0,0],"1.2":[-0.5,0,0],"1.28":[0.9,0,0],"1.36":[0.5,0,0],"1.44":[0,0,0],"1.56":[-1.2,0,0]}},"leftFlame":{"scale":{"0.0":[0.81451,0.81451,0.89596],"0.04":[0.81451,0.81451,0.62645],"0.12":[0.81451,0.81451,0.89741],"0.2":[0.81451,0.81451,0.57015],"0.28":[0.81451,0.81451,0.73306],"0.36":[0.81451,0.81451,0.81451],"0.44":[0.81451,0.81451,0.55475],"0.52":[0.81451,0.81451,0.89596],"0.6":[0.81451,0.81451,0.62645],"0.68":[0.81451,0.81451,0.89741],"0.76":[0.81451,0.81451,0.57015],"0.8":[0.81451,0.81451,0.73306],"0.88":[0.81451,0.81451,0.81451],"0.96":[0.81451,0.81451,0.55475],"1.04":[0.81451,0.81451,0.89596],"1.12":[0.81451,0.81451,0.62645],"1.2":[0.81451,0.81451,0.89741],"1.28":[0.81451,0.81451,0.57015],"1.36":[0.81451,0.81451,0.73306],"1.44":[0.81451,0.81451,0.81451],"1.52":[0.81451,0.81451,0.55475]}},"rightBooster":{"rotation":{"0.0":[0,0,0],"0.12":[-1.2,0,0],"0.2":[0.5,0,0],"0.28":[-0.5,0,0],"0.4":[0.9,0,0],"0.48":[0.8,0,0],"0.56":[0,0,0],"0.68":[-1.2,0,0],"0.76":[0.5,0,0],"0.84":[-0.5,0,0],"0.96":[0.9,0,0],"1.04":[0.5,0,0],"1.12":[0,0,0],"1.24":[-1.2,0,0],"1.32":[0.5,0,0],"1.4":[-0.5,0,0],"1.48":[0.9,0,0],"1.56":[0.5,0,0]}},"rightFlame":{"scale":{"0.0":[0.81451,0.81451,0.81451],"0.08":[0.81451,0.81451,0.55475],"0.16":[0.81451,0.81451,0.89596],"0.24":[0.81451,0.81451,0.62645],"0.32":[0.81451,0.81451,0.89741],"0.4":[0.81451,0.81451,0.57015],"0.48":[0.81451,0.81451,0.73306],"0.56":[0.81451,0.81451,0.81451],"0.64":[0.81451,0.81451,0.55475],"0.72":[0.81451,0.81451,0.89596],"0.8":[0.81451,0.81451,0.62645],"0.88":[0.81451,0.81451,0.89741],"0.96":[0.81451,0.81451,0.57015],"1.0":[0.81451,0.81451,0.73306],"1.08":[0.81451,0.81451,0.81451],"1.16":[0.81451,0.81451,0.55475],"1.24":[0.81451,0.81451,0.89596],"1.32":[0.81451,0.81451,0.62645],"1.4":[0.81451,0.81451,0.89741],"1.48":[0.81451,0.81451,0.57015],"1.56":[0.81451,0.81451,0.73306]}},"body":{"rotation":{"0.0":[0,0,0],"0.32":[-1.25,0,0],"0.96":[0.89,0,0],"1.16":[1.25,0,0],"1.32":[1,0,0],"1.56":[0,0,0]},"position":{"0.0":[0,0,0],"0.2":[0,-0.09,0],"0.56":[0,-0.72,0],"0.68":[0,-0.78,0],"0.84":[0,-0.825,0],"1.0":[0,-0.73,0],"1.32":[0,-0.1,0],"1.44":[0,-0.04,0],"1.56":[0,0,0]}}}}}}