{"format_version":"1.8.0","animations":{"animation.hive.sky.spawn.vehicle.sorcery.idle":{"loop":true,"animation_length":16.6,"bones":{"book":{"rotation":{"0.0":[0,0,0],"0.7":[-0.09,0,0],"2.2":[-0.55,0,0],"6.2":[-4.15,0,0],"7.7":[-4.82,0,0],"8.6":[-5,0,0],"9.3":[-4.78,0,0],"10.6":[-3.89,0,0],"14.2":[-0.71,0,0],"15.7":[-0.18,0,0],"16.6":[0,0,0]},"position":{"0.0":[0,0,0],"0.3":[0,-0.01923,0],"0.6":[0,-0.07692,0],"1.4":[0,-0.35385,0],"2.2":[0,-0.78462,0],"2.5":[0,-0.89231,0],"2.9":[0,-0.94615,0],"3.4":[0,-0.98462,0],"3.8":[0,-1,0],"4.2":[0,-0.98462,0],"4.7":[0,-0.94615,0],"5.1":[0,-0.89231,0],"5.4":[0,-0.78462,0],"6.2":[0,-0.35385,0],"7.0":[0,-0.07692,0],"7.5":[0,-0.01923,0],"7.9":[0,-0.00641,0],"8.3":[0,0,0],"8.6":[0,-0.01923,0],"8.9":[0,-0.07692,0],"9.7":[0,-0.35385,0],"10.5":[0,-0.78462,0],"10.8":[0,-0.89231,0],"11.2":[0,-0.94615,0],"11.7":[0,-0.98462,0],"12.1":[0,-1,0],"12.5":[0,-0.98462,0],"13.0":[0,-0.94615,0],"13.4":[0,-0.89231,0],"13.7":[0,-0.78462,0],"14.5":[0,-0.35385,0],"15.3":[0,-0.07692,0],"15.8":[0,-0.01923,0],"16.2":[0,-0.00641,0],"16.6":[0,0,0]}},"magicRight":{"position":{"1.3":[0,0,0],"1.5":[0,-0.04615,0],"1.7":[0,-0.18462,0],"2.5":[0,-0.84923,0],"3.1":[0,-1.88308,0],"3.4":[0,-2.14154,0],"3.7":[0,-2.27077,0],"4.2":[0,-2.36308,0],"4.4":[0,-2.4,0],"4.8":[0,-2.36308,0],"5.2":[0,-2.27077,0],"5.6":[0,-2.14154,0],"5.9":[0,-1.88308,0],"6.5":[0,-0.84923,0],"7.2":[0,-0.18462,0],"7.6":[0,-0.04615,0],"7.9":[0,-0.01538,0],"8.3":[0,0,0],"9.6":[0,0,0],"9.8":[0,-0.04615,0],"10.0":[0,-0.18462,0],"10.8":[0,-0.84923,0],"11.4":[0,-1.88308,0],"11.7":[0,-2.14154,0],"12.0":[0,-2.27077,0],"12.5":[0,-2.36308,0],"12.7":[0,-2.4,0],"13.1":[0,-2.36308,0],"13.5":[0,-2.27077,0],"13.9":[0,-2.14154,0],"14.2":[0,-1.88308,0],"14.8":[0,-0.84923,0],"15.5":[0,-0.18462,0],"15.9":[0,-0.04615,0],"16.2":[0,-0.01538,0],"16.6":[0,0,0]}},"magicLeft":{"position":{"1.3":[0,0,0],"1.5":[0,-0.03077,0],"1.7":[0,-0.12308,0],"2.5":[0,-0.56615,0],"3.1":[0,-1.25538,0],"3.4":[0,-1.42769,0],"3.7":[0,-1.51385,0],"4.2":[0,-1.57538,0],"4.4":[0,-1.6,0],"4.8":[0,-1.57538,0],"5.2":[0,-1.51385,0],"5.6":[0,-1.42769,0],"5.9":[0,-1.25538,0],"6.5":[0,-0.56615,0],"7.2":[0,-0.12308,0],"7.6":[0,-0.03077,0],"7.9":[0,-0.01026,0],"8.3":[0,0,0],"9.6":[0,0,0],"9.8":[0,-0.03077,0],"10.0":[0,-0.12308,0],"10.8":[0,-0.56615,0],"11.4":[0,-1.25538,0],"11.7":[0,-1.42769,0],"12.0":[0,-1.51385,0],"12.5":[0,-1.57538,0],"12.7":[0,-1.6,0],"13.1":[0,-1.57538,0],"13.5":[0,-1.51385,0],"13.9":[0,-1.42769,0],"14.2":[0,-1.25538,0],"14.8":[0,-0.56615,0],"15.5":[0,-0.12308,0],"15.9":[0,-0.03077,0],"16.2":[0,-0.01026,0],"16.6":[0,0,0]}},"magic1":{"rotation":{"0.0":[0,0,0],"16.6":[0,360,0]}},"magic2":{"rotation":{"0.0":[0,0,0],"16.6":[0,-360,0]},"position":{"0.0":[0,0,0],"0.2":[0,0.01846,0],"0.4":[0,0.07385,0],"1.2":[0,0.33969,0],"1.7":[0,0.75323,0],"2.0":[0,0.85662,0],"2.3":[0,0.90831,0],"2.7":[0,0.94523,0],"3.0":[0,0.96,0],"3.4":[0,0.94523,0],"3.8":[0,0.90831,0],"4.1":[0,0.85662,0],"4.4":[0,0.75323,0],"5.0":[0,0.33969,0],"5.7":[0,0.07385,0],"6.0":[0,0.01846,0],"6.3":[0,0.00615,0],"6.8":[0,0,0],"8.0":[0,0,0],"8.2":[0,0.01846,0],"8.4":[0,0.07385,0],"9.2":[0,0.33969,0],"9.7":[0,0.75323,0],"10.0":[0,0.85662,0],"10.3":[0,0.90831,0],"10.8":[0,0.94523,0],"11.0":[0,0.96,0],"11.3":[0,0.94523,0],"11.7":[0,0.90831,0],"12.1":[0,0.85662,0],"12.3":[0,0.75323,0],"13.1":[0,0.33969,0],"13.7":[0,0.07385,0],"14.0":[0,0.01846,0],"14.3":[0,0.00615,0],"14.8":[0,0,0]}},"magic3":{"position":{"0.1":[0,0,0],"0.5":[0,-0.07385,0],"1.3":[0,-0.33969,0],"1.9":[0,-0.75323,0],"2.5":[0,-0.90831,0],"3.2":[0,-0.96,0],"4.1":[0,-0.90831,0],"4.7":[0,-0.75323,0],"5.3":[0,-0.33969,0],"6.0":[0,-0.07385,0],"6.7":[0,-0.00615,0],"7.2":[0,0,0],"8.4":[0,0,0],"8.8":[0,-0.07385,0],"9.7":[0,-0.33969,0],"10.2":[0,-0.75323,0],"10.8":[0,-0.90831,0],"11.3":[0,-0.94523,0],"11.5":[0,-0.96,0],"11.9":[0,-0.94523,0],"12.3":[0,-0.90831,0],"12.9":[0,-0.75323,0],"13.7":[0,-0.33969,0],"14.3":[0,-0.12385,0],"15.0":[0,-0.05615,0],"15.8":[0,0,0]}},"bone":{"rotation":{"0.0":[0,0,0],"16.6":[0,360,0]}},"bone2":{"rotation":{"0.0":[0,0,0],"16.6":[0,-360,0]}}}},"animation.hive.sky.spawn.vehicle.sorcery.book":{"loop":true,"animation_length":5.36,"bones":{"book":{"rotation":{"0.08":[0,0,0],"0.16":[-0.83,0,0],"0.32":[-5,0,0],"0.48":[-55,0,0],"0.52":[-60,0,0],"0.68":[0,0,0],"0.8":[-3.75,0,0],"0.88":[-4.37,0,0],"1.0":[-5,0,0],"1.16":[-4.17,0,0],"1.36":[-3.75,0,0],"3.04":[-3.75,0,0],"3.2":[0,0,0],"3.28":[-0.83,0,0],"3.44":[-5,0,0],"3.6":[-55,0,0],"3.64":[-60,0,0],"3.8":[-1.25,0,0],"3.92":[-0.025,0,0],"4.0":[-0.645,0,0],"4.12":[-1.275,0,0],"4.28":[-0.445,0,0],"4.48":[0,0,0]},"position":{"0.08":[0,0,0],"0.16":[0,0.08,0],"0.32":[0,0.5,0],"0.52":[0,-0.275,0],"0.68":[0,0,0],"0.84":[0,0,0],"3.04":[0,0,0],"3.2":[0,0,0],"3.28":[0,0.08,0],"3.44":[0,0.5,0],"3.64":[0,-0.275,0],"3.8":[0,0,0],"3.96":[0,0,0]},"scale":{"0.32":[1,1,1],"0.52":[1.4,1,0.8],"0.56":[1.6,1,0.8],"0.68":[1,1,1],"3.04":[1,1,1],"3.44":[1,1,1],"3.64":[1.4,1,0.8],"3.68":[1.6,1,0.8],"3.8":[1,1,1]}},"rightBook":{"rotation":{"0.0":[0,0,0],"0.16":[0,0,2.5],"0.24":[0,0,14.04],"0.28":[0,0,26.73],"0.32":[0,0,52.11],"0.36":[0,0,77.5],"0.52":[0,0,77.5],"0.68":[0,0,-7.75],"0.8":[0,0,-0.7],"0.88":[0,0,1.65],"1.04":[0,0,4],"1.2":[0,0,3],"1.36":[0,0,2.5],"3.04":[0,0,2.5],"3.12":[0,0,0],"3.28":[0,0,2.5],"3.36":[0,0,14.04],"3.4":[0,0,26.73],"3.44":[0,0,52.11],"3.48":[0,0,77.5],"3.64":[0,0,77.5],"3.8":[0,0,-7.75],"3.92":[0,0,-0.7],"4.0":[0,0,1.65],"4.16":[0,0,4],"4.32":[0,0,3],"4.6":[0,0,1.09],"4.84":[0,0,0.44],"5.16":[0,0,0]},"position":{"0.16":[0,0,0],"0.24":[-0.15,0,0],"0.28":[-0.32,0,0],"0.36":[-1,0,0],"0.52":[-1,0,0],"0.68":[0,0,0],"3.04":[0,0,0],"3.28":[0,0,0],"3.36":[-0.15,0,0],"3.4":[-0.32,0,0],"3.48":[-1,0,0],"3.64":[-1,0,0],"3.8":[0,0,0]}},"paper1":{"rotation":{"0.52":[0,0,-2.5],"0.56":[0,0,15],"0.76":[0,0,-2.5],"1.0":[0,0,1.25],"1.52":[0,0,-0.75],"1.84":[0,0,0.25],"3.04":[0,0,0.25],"3.44":[0,0,0.25],"3.48":[0,0,-4.75],"3.64":[0,0,-4.75],"3.76":[0,0,-2.5]}},"paper2":{"rotation":{"0.16":[0,0,0],"0.36":[0,0,-15.5],"0.52":[0,0,-15.5],"0.56":[0,0,-15.5],"0.76":[0,0,-16.5],"3.64":[0,0,-16.5],"3.92":[0,0,-6.5],"4.2":[0,0,-0.565],"4.44":[0,0,1.55],"4.96":[0,0,0]}},"leftBook":{"rotation":{"0.0":[0,0,0],"0.16":[0,0,-2.5],"0.24":[0,0,-14.04],"0.28":[0,0,-26.73],"0.32":[0,0,-52.11],"0.36":[0,0,-77.5],"0.52":[0,0,-77.5],"0.68":[0,0,7.75],"0.8":[0,0,0.7],"0.88":[0,0,-1.65],"1.04":[0,0,-4],"1.2":[0,0,-3],"1.36":[0,0,-2.5],"3.04":[0,0,-2.5],"3.12":[0,0,0],"3.28":[0,0,-2.5],"3.36":[0,0,-14.04],"3.4":[0,0,-26.73],"3.44":[0,0,-52.11],"3.48":[0,0,-77.5],"3.64":[0,0,-77.5],"3.8":[0,0,7.75],"3.92":[0,0,0.7],"4.0":[0,0,-1.65],"4.16":[0,0,-4],"4.32":[0,0,-3],"4.6":[0,0,-1.09],"4.84":[0,0,-0.44],"5.16":[0,0,0]},"position":{"0.16":[0,0,0],"0.24":[0.15,0,0],"0.28":[0.32,0,0],"0.36":[1,0,0],"0.52":[1,0,0],"0.68":[0,0,0],"3.04":[0,0,0],"3.28":[0,0,0],"3.36":[0.15,0,0],"3.4":[0.32,0,0],"3.48":[1,0,0],"3.64":[1,0,0],"3.8":[0,0,0]}},"paper3":{"rotation":{"0.16":[0,0,0],"0.36":[0,0,5],"0.68":[0,0,0],"1.12":[0,0,-3.5],"1.64":[0,0,-1.25],"1.92":[0,0,-1.75],"3.04":[0,0,-1.75],"3.44":[0,0,-1.75],"3.48":[0,0,5.75],"3.64":[0,0,5.75],"3.76":[0,0,0]}},"paper4":{"rotation":{"0.16":[0,0,0],"0.36":[0,0,15.5],"0.52":[0,0,15.5],"0.72":[0,0,16],"3.64":[0,0,16],"3.72":[0,0,0],"3.84":[0,0,6.32],"4.16":[0,0,-2.28],"4.36":[0,0,-5.5],"4.6":[0,0,-2.5],"4.8":[0,0,-0.94],"5.0":[0,0,0]}}}}}}