{"format_version":"1.8.0","animations":{"animation.hive.sky.kits.bridge.builder.idle":{"loop":true,"animation_length":0.48,"bones":{"hammer":{"rotation":{"0.0":[0,0,0],"0.12":[-77.5,0,0],"0.2":[-80,0,0],"0.28":[-82.25,0,0],"0.4":[-77.92,0,0],"0.44":[-58.44,0,0],"0.48":[0,0,0]},"position":{"0.04":[0,0,0],"0.12":[0,2.63813,0],"0.4":[0,4.25031,0],"0.48":[0,0,0]}},"end":{"position":{"0.4":[0,0,0],"0.44":[0,0,3.5],"0.48":[0,0,0]},"scale":{"0.4":[1,1,1],"0.44":[1,1.4,2.4],"0.48":[1,1,1]}}}}}}