{"format_version":"1.8.0","animations":{"animation.hive.hub.train.engine.drive":{"loop":true,"animation_length":2,"anim_time_update":"query.modified_distance_moved / 10","bones":{"lantern":{"rotation":{"0.0":[0,0,0],"0.36":[-1.125,0,0],"0.6":[-1.272,0,0],"0.84":[-1.2975,0,0],"0.96":[-0.531,0,0],"1.04":[0.4365,0,0],"1.12":[0.6,0,0],"1.28":[0.615,0,0],"1.68":[0.456,0,0],"2.0":[0,0,0]}},"chimney":{"scale":{"0.0":[1,1,1],"0.24":[1,0.9969,1],"0.48":[1,0.9875,1],"0.8":[1,0.9146,1],"1.0":[1,0.9024,1],"1.08":[1,0.9,1],"1.36":[1,1.0167,1],"1.48":[1,1.0367,1],"1.6":[1,1.05,1],"1.68":[1,1.0475,1],"1.76":[1,1.04,1],"2.0":[1,1,1]}},"rightPiston":{"position":{"0.0":[0,0,-0.97],"0.52":[0,0,0],"0.72":[0,0,-0.45],"1.52":[0,0,-2.9],"2.0":[0,0,-0.97]}},"rightWheelFront":{"rotation":{"0.0":[0,0,0],"2.0":[360,0,0]}},"leftDriveRodFront":{"rotation":{"0.0":[-2.5,0,0],"0.36":[7.5,0,0],"0.52":[12.75,0,0],"0.64":[17,0,0],"1.0":[26.25,0,0],"1.16":[23.5,0,0],"1.32":[17.58,0,0],"1.56":[7,0,0],"1.8":[-1.04,0,0],"2.0":[-2.5,0,0]}},"leftDriveRodBack":{"position":{"0.0":[0,0,0],"0.12":[0,0.415,1.565],"0.24":[0,1.175,2.885],"0.36":[0,2.39,4.29],"0.52":[0,4,5],"0.64":[0,5.765,4.66],"0.76":[0,7.275,4.025],"0.84":[0,8.1,2.895],"1.0":[0,9,1],"1.12":[0,8.68,-0.835],"1.28":[0,7.31,-3.115],"1.4":[0,5.66,-3.81],"1.52":[0,4,-4],"1.64":[0,2.665,-3.71],"1.76":[0,1.475,-3.125],"1.88":[0,0.49,-1.56],"2.0":[0,0,0]}},"rightWheelMid":{"rotation":{"0.0":[0,0,0],"2.0":[360,0,0]}},"rightWheelBack":{"rotation":{"0.0":[0,0,0],"2.0":[360,0,0]}},"leftPiston":{"position":{"0.0":[0,0,-0.97],"0.52":[0,0,0],"0.72":[0,0,-0.45],"1.52":[0,0,-2.9],"2.0":[0,0,-0.97]}},"leftWheelFront":{"rotation":{"0.0":[0,0,0],"2.0":[360,0,0]}},"rightDriveRodFront":{"rotation":{"0.0":[-2.5,0,0],"0.36":[7.5,0,0],"0.52":[12.75,0,0],"0.64":[17,0,0],"1.0":[26.25,0,0],"1.16":[23.5,0,0],"1.32":[17.58,0,0],"1.52":[4,0,0],"1.8":[-3.04,0,0],"2.0":[-2.5,0,0]}},"rightDriveRodBack":{"position":{"0.0":[0,0,0],"0.12":[0,0.415,1.565],"0.24":[0,1.175,2.885],"0.36":[0,2.39,4.29],"0.52":[0,4,5],"0.64":[0,5.765,4.66],"0.76":[0,7.275,4.025],"0.84":[0,8.1,2.895],"1.0":[0,9,1],"1.12":[0,8.68,-0.835],"1.28":[0,7.31,-3.115],"1.4":[0,5.66,-3.81],"1.52":[0,4,-4],"1.64":[0,2.665,-3.71],"1.76":[0,1.475,-3.125],"1.88":[0,0.49,-1.56],"2.0":[0,0,0]}},"leftWheelMid":{"rotation":{"0.0":[0,0,0],"2.0":[360,0,0]}},"leftWheelBack":{"rotation":{"0.0":[0,0,0],"2.0":[360,0,0]}},"body":{"rotation":{"0.0":[0,0,-0.41147],"0.2":[0,0,-0.30801],"0.4":[0,0,0],"0.64":[0,0,0.26216],"1.0":[0,0,0.41147],"1.2":[0,0,0.30801],"1.4":[0,0,0],"1.64":[0,0,-0.26216],"2.0":[0,0,-0.41147]},"position":{"0.0":[0,0.6125,0],"0.08":[0,0.5775,0],"0.16":[0,0.469,0],"0.44":[0,-0.175,0],"0.6":[0,-0.3745,0],"0.76":[0,-0.4935,0],"0.88":[0,-0.525,0],"1.04":[0,-0.49,0],"1.12":[0,-0.434,0],"1.36":[0,-0.084,0],"1.56":[0,0.4235,0],"1.68":[0,0.5355,0],"2.0":[0,0.6125,0]},"scale":1},"root":{"rotation":["query.body_x_rotation",0,0]}}}}}