{"format_version":"1.8.0","animations":{"animation.hive.mounts.bumblebee.fly.forward":{"blend_weight":"math.min(1.0, (query.modified_move_speed * 0.5))","loop":true,"bones":{"body":{"rotation":[7,0,0],"position":[0,0,2.5]},"rear":{"rotation":[0,0,0],"scale":[1,1,1.1]},"head":{"rotation":[-5,0,0],"position":[0,0,0.25]},"rightAntenna":{"rotation":[-47.5,0,0],"position":[0,-0.5,0]},"leftAntenna":{"rotation":[-37.5,0,0],"position":[0,-0.5,0]},"rightShine":{"scale":[1,0.5,1]},"leftShine":{"scale":[1,0.5,1]},"legRight1":{"rotation":[24.81197,-3.1622,6.80423]},"legRight2":{"rotation":[28.83844,-8.64738,15.27269]},"legRight3":{"rotation":[46.1453,-12.80911,12.02501]},"legLeft1":{"rotation":[24.91643,2.11089,-4.53359]},"legLeft2":{"rotation":[29.40842,6.21271,-10.86815]},"legLeft3":{"rotation":[45.72113,14.60559,-13.81465]},"rightWing":{"rotation":[17.58347,21.48944,3.36212],"position":[0,-2,1]},"leftWing":{"rotation":[17.58347,-21.48944,-3.36212],"position":[0,-2,1]}}},"animation.hive.mounts.bumblebee.idle.wings":{"anim_time_update":"(1.0 + (query.modified_move_speed * 0.02)) * (query.delta_time + query.anim_time)","loop":true,"animation_length":0.4,"bones":{"body":{"position":{"0.0":[0,0,0],"0.08":[0,0.06,0],"0.2":[0,0.275,0],"0.32":[0,0.06,0],"0.4":[0,0,0]}},"rear":{"rotation":{"0.0":[0,0,0],"0.08":[0.15,0,0],"0.2":[-0.3375,0,0],"0.4":[0,0,0]}},"saddle":{"position":{"0.0":[0,0,0],"0.08":[0,-0.06,0],"0.2":[0,-0.275,0],"0.32":[0,-0.06,0],"0.4":[0,0,0]}},"head":{"rotation":{"0.0":[0,0,0],"0.08":[-0.165,0,0],"0.2":[0.37125,0,0],"0.4":[0,0,0]}},"rightWing":{"rotation":{"0.0":[0,0,0],"0.04":[-3.75,0,-4.37],"0.16":[-27.5,0,-61.25],"0.2":[0,0,-77.5],"0.24":[0,0,-56.25],"0.36":[0,0,-6.25],"0.4":[0,0,0]}},"leftWing":{"rotation":{"0.0":[0,0,0],"0.04":[-7.5,0,8.75],"0.16":[-27.5,0,61.25],"0.2":[0,0,77.5],"0.24":[0,0,61.25],"0.36":[0,0,8.75],"0.4":[0,0,0]}}}},"animation.hive.mounts.bumblebee.idle.body":{"loop":true,"animation_length":6,"bones":{"body":{"rotation":[0,0,"math.cos(query.life_time * 60) * 1"],"position":["math.cos(query.life_time * 60) * -0.5 ","math.cos(query.life_time * 120) * 0.3 + 0.5",0]},"rear":{"rotation":{"0.0":[0.76563,0,0],"0.16":[0.74112,0,0],"0.28":[0.69212,0,0],"1.52":[-0.66456,0,0],"1.64":[-0.73194,0,0],"1.76":[-0.76562,0,0],"1.92":[-0.65844,0,0],"2.76":[0.67069,0,0],"2.88":[0.72888,0,0],"3.0":[0.76563,0,0],"3.16":[0.74112,0,0],"3.28":[0.69212,0,0],"4.52":[-0.66456,0,0],"4.64":[-0.73194,0,0],"4.76":[-0.76562,0,0],"4.92":[-0.65844,0,0],"5.76":[0.67069,0,0],"5.88":[0.72888,0,0],"6.0":[0.76563,0,0]}},"saddle":{"rotation":[0,0,"math.cos(query.life_time * 60) * -1"],"position":["math.cos(query.life_time * 60) * 0.25 ","math.cos(query.life_time * 120) * -0.3",0]},"head":{"rotation":{"0.0":[-1.53125,0,0],"0.16":[-1.48225,0,0],"0.28":[-1.38425,0,0],"1.52":[1.32913,0,0],"1.64":[1.46388,0,0],"1.76":[1.53125,0,0],"1.92":[1.31687,0,0],"2.76":[-1.34137,0,0],"2.88":[-1.45775,0,0],"3.0":[-1.53125,0,0],"3.16":[-1.48225,0,0],"3.28":[-1.38425,0,0],"4.52":[1.32913,0,0],"4.64":[1.46388,0,0],"4.76":[1.53125,0,0],"4.92":[1.31687,0,0],"5.76":[-1.34137,0,0],"5.88":[-1.45775,0,0],"6.0":[-1.53125,0,0]}},"rightAntenna":{"rotation":{"0.0":[-5.35937,0,0],"0.16":[-5.18787,0,0],"0.28":[-4.84487,0,0],"1.92":[4.65194,0,0],"2.04":[5.12356,0,0],"2.16":[5.35938,0,0],"2.32":[4.60906,0,0],"3.16":[-4.69481,0,0],"3.28":[-5.10212,0,0],"3.4":[-5.35937,0,0],"3.56":[-5.18787,0,0],"3.68":[-4.84487,0,0],"4.64":[4.65194,0,0],"4.76":[5.12356,0,0],"4.88":[5.35938,0,0],"5.04":[4.60906,0,0],"5.76":[-4.69481,0,0],"5.88":[-5.10212,0,0],"6.0":[-5.35937,0,0]}},"leftAntenna":{"rotation":{"0.0":[-5.35937,0,0],"0.16":[-5.18787,0,0],"0.28":[-4.84487,0,0],"1.8":[4.65194,0,0],"1.92":[5.12356,0,0],"2.04":[5.35938,0,0],"2.2":[4.60906,0,0],"3.04":[-4.69481,0,0],"3.16":[-5.10212,0,0],"3.28":[-5.35937,0,0],"3.44":[-5.18787,0,0],"3.56":[-4.84487,0,0],"4.52":[4.65194,0,0],"4.64":[5.12356,0,0],"4.76":[5.35938,0,0],"4.92":[4.60906,0,0],"5.76":[-4.69481,0,0],"5.88":[-5.10212,0,0],"6.0":[-5.35937,0,0]}},"legsRight":{"rotation":{"0.0":[0,0,9.73],"0.2":[0,0,10],"0.44":[0,0,9.9],"0.72":[0,0,9.66],"4.24":[0,0,1],"4.44":[0,0,1.47],"4.64":[0,0,2.24],"6.0":[0,0,9.73]}},"legRight1":{"rotation":{"0.0":[0,0,10],"0.16":[0,0,9.74],"0.36":[0,0,8.83],"3.04":[0,0,1.01],"3.52":[0,0,0],"4.0":[0,0,0.96],"5.24":[0,0,8.81],"5.56":[0,0,9.54],"5.8":[0,0,9.85],"6.0":[0,0,10]}},"legRight2":{"rotation":{"0.0":[0,0,5],"0.16":[0,0,4.87],"0.36":[0,0,4.415],"3.04":[0,0,0.505],"3.52":[0,0,0],"4.0":[0,0,0.48],"5.24":[0,0,4.405],"5.56":[0,0,4.77],"5.8":[0,0,4.925],"6.0":[0,0,5]}},"legRight3":{"rotation":{"0.0":[0,0,2.5],"0.16":[0,0,2.435],"0.36":[0,0,2.2075],"3.04":[0,0,0.2525],"3.52":[0,0,0],"4.0":[0,0,0.24],"5.24":[0,0,2.2025],"5.56":[0,0,2.385],"5.8":[0,0,2.4625],"6.0":[0,0,2.5]}},"legsLeft":{"rotation":{"0.0":[0,0,-9.73],"0.2":[0,0,-10],"0.44":[0,0,-9.9],"0.72":[0,0,-9.66],"4.24":[0,0,-1],"4.44":[0,0,-1.47],"4.64":[0,0,-2.24],"6.0":[0,0,-9.73]}},"legLeft1":{"rotation":{"0.0":[0,0,-10],"0.16":[0,0,-9.74],"0.36":[0,0,-8.83],"3.04":[0,0,-1.01],"3.52":[0,0,0],"4.0":[0,0,-0.96],"5.24":[0,0,-8.81],"5.56":[0,0,-9.54],"5.8":[0,0,-9.85],"6.0":[0,0,-10]}},"legLeft2":{"rotation":{"0.0":[0,0,-5],"0.16":[0,0,-4.87],"0.36":[0,0,-4.415],"3.04":[0,0,-0.505],"3.52":[0,0,0],"4.0":[0,0,-0.48],"5.24":[0,0,-4.405],"5.56":[0,0,-4.77],"5.8":[0,0,-4.925],"6.0":[0,0,-5]}},"legLeft3":{"rotation":{"0.0":[0,0,-2.5],"0.16":[0,0,-2.435],"0.36":[0,0,-2.2075],"3.04":[0,0,-0.2525],"3.52":[0,0,0],"4.0":[0,0,-0.24],"5.24":[0,0,-2.2025],"5.56":[0,0,-2.385],"5.8":[0,0,-2.4625],"6.0":[0,0,-2.5]}}}},"animation.hive.mounts.bumblebee.idle.face":{"loop":true,"animation_length":13.6,"bones":{"head":{"rotation":{"1.2":[0,0,0],"1.36":[2,0,1.75],"2.76":[2,0,1.75],"2.96":[2,0,-1.75],"3.08":[2,0,-1.05],"4.2":[2,0,-1.05],"4.36":[-1.25,0,0],"4.44":[-0.71,0,-0.17],"4.56":[-0.44,0,-0.26],"6.24":[-0.44,0,-0.26],"6.44":[-0.18,0,-0.1],"7.84":[-0.18,0,-0.1],"8.08":[-1.93,0,-0.1],"11.96":[-1.93,0,-0.1],"12.12":[0,0,0]},"scale":{"0.16":[1,1,1],"0.32":[1,0.9675,1],"0.44":[1,1,1],"7.84":[1,1,1],"8.0":[1,0.9675,1],"8.12":[1,1,1]}},"rightAntenna":{"rotation":{"1.2":[0,0,0],"1.28":[-3.025,0,-1.1],"1.48":[0.825,0,1.1],"1.6":[0.33,0,0.44],"1.76":[0,0,0],"2.76":[0,0,0],"2.88":[-2.3375,0,3.1875],"3.08":[1.275,0,-1.7],"3.2":[0.51,0,-0.68],"3.36":[0,0,0],"4.2":[0,0,0],"4.32":[5.25,0,0],"4.48":[-1.62,0,0],"4.6":[0,0,0],"4.92":[-0.54,0,0],"7.84":[-0.54,0,0],"8.0":[1.46,0,0],"8.24":[-2.29,0,0],"8.48":[-0.54,0,0],"11.96":[-0.54,0,0],"12.08":[-2.29,0,0],"12.24":[0.75,0,0],"12.48":[0,0,0]}},"leftAntenna":{"rotation":{"1.24":[0,0,0],"1.32":[-3.025,0,-1.1],"1.52":[0.825,0,1.1],"1.64":[0.33,0,0.44],"1.8":[0,0,0],"2.8":[0,0,0],"2.92":[-2.3375,0,3.1875],"3.12":[1.275,0,-1.7],"3.24":[0.51,0,-0.68],"3.4":[0,0,0],"4.16":[0,0,0],"4.28":[5.25,0,0],"4.44":[-1.62,0,0],"4.56":[0,0,0],"4.88":[-0.54,0,0],"7.88":[-0.54,0,0],"8.04":[1.46,0,0],"8.28":[-2.29,0,0],"8.52":[-0.54,0,0],"12.0":[-0.54,0,0],"12.12":[-2.29,0,0],"12.28":[0.75,0,0],"12.52":[0,0,0]}},"rightEye":{"scale":{"0.0":[1,1,1],"0.16":[1,0.875,1],"0.28":[1,0.075,1.1],"0.32":[1,0.025,1.3],"0.44":[1,1.08,1],"0.52":[1,0.9575,1],"0.64":[1,1,1],"7.76":[1,1,1],"7.88":[1,0.875,1],"7.96":[1,0.075,1.1],"8.0":[1,0.025,1.3],"8.08":[1,1.08,1],"8.16":[1,0.9575,1],"8.24":[1,1,1]}},"rightPupil":{"position":{"4.2":[0,0,0],"4.36":[0,0,0.225],"4.48":[0,0,0.17],"6.24":[0,0,0.17],"6.44":[0,0,0],"7.88":[0,0,0]}},"rightShine":{"position":{"1.2":[0,0,0],"1.36":[0,-0.5,0.25],"1.44":[0,-0.47,0.24],"1.56":[0,-0.45,0.23],"2.76":[0,-0.45,0.23],"2.92":[0,-1.45,-0.02],"2.96":[0,-1.36,0.01],"3.0":[0,-1.33,0.02],"3.08":[0,-1.31,0.02],"4.2":[0,-1.31,0.02],"4.36":[0,0,0],"4.48":[0,-0.08,0.01],"6.24":[0,-0.08,0.01],"6.44":[0,-1,0],"6.6":[0,-0.95,0],"7.88":[0,-0.95,0],"8.0":[0,-0.59,0],"8.12":[0,0.05,0],"8.24":[0,0,0],"8.96":[0,0,0],"9.12":[0,0.175,0.0875],"9.2":[0,0.1645,0.084],"9.32":[0,0.1575,0.0805],"10.52":[0,0.1575,0.0805],"10.68":[0,0.5075,-0.007],"10.72":[0,0.476,0.0035],