{"format_version":"1.8.0","animations":{"animation.hive.mounts.pirate.ship.idle":{"loop":true,"animation_length":7.12,"bones":{"ship":{"rotation":{"0.0":[0,0,-1.75],"0.36":[0,0,-1.68],"0.56":[0,0,-1.589],"0.8":[0,0,-1.4035],"2.92":[0,0,1.4035],"3.16":[0,0,1.589],"3.36":[0,0,1.68],"3.72":[0,0,1.75],"4.08":[0,0,1.68],"4.28":[0,0,1.589],"4.52":[0,0,1.4035],"6.48":[0,0,-1.4385],"6.72":[0,0,-1.624],"6.92":[0,0,-1.715],"7.12":[0,0,-1.75]},"position":{"0.0":[0,-0.96149,0],"1.6":[0,-1.34231,0],"1.84":[0,-1.35966,0],"2.12":[0,-1.28199,0],"2.56":[0,-0.99543,0],"3.88":[0,-0.21869,0],"4.36":[0,-0.03016,0],"4.68":[0,0,0],"5.08":[0,-0.05279,0],"5.68":[0,-0.26017,0],"7.12":[0,-0.96149,0]}},"flag":{"rotation":{"0.0":[0,17.5,0],"0.16":[0,17.45,0],"0.28":[0,17.37,0],"0.48":[0,16.96,0],"0.72":[0,15.61,0],"1.16":[0,10.49,0],"2.44":[0,-10.49,0],"2.88":[0,-15.61,0],"3.12":[0,-16.96,0],"3.32":[0,-17.37,0],"3.44":[0,-17.5,0],"3.68":[0,-17.45,0],"3.8":[0,-17.37,0],"4.0":[0,-16.96,0],"4.24":[0,-15.61,0],"4.68":[0,-10.49,0],"5.96":[0,10.49,0],"6.4":[0,15.61,0],"6.64":[0,16.96,0],"6.84":[0,17.37,0],"6.96":[0,17.45,0],"7.12":[0,17.5,0]}},"flag2":{"rotation":{"0.0":[0,10.49,0],"0.44":[0,15.61,0],"0.68":[0,16.96,0],"0.88":[0,17.37,0],"1.0":[0,17.45,0],"1.16":[0,17.5,0],"1.32":[0,17.45,0],"1.44":[0,17.37,0],"1.64":[0,16.96,0],"1.88":[0,15.61,0],"2.32":[0,10.49,0],"3.6":[0,-10.49,0],"4.04":[0,-15.61,0],"4.28":[0,-16.96,0],"4.48":[0,-17.37,0],"4.6":[0,-17.5,0],"4.84":[0,-17.45,0],"4.96":[0,-17.37,0],"5.16":[0,-16.96,0],"5.4":[0,-15.61,0],"5.84":[0,-10.49,0],"7.12":[0,10.49,0]}}},"particle_effects":{"0.0":{"effect":"hive:pets.ghostship.water","locator":"ship"}}},"animation.hive.mounts.pirate.ship.idle.engine":{"loop":true,"anim_time_update":"(1.0 + (query.modified_move_speed * 0.02)) * (query.delta_time + query.anim_time)","animation_length":0.96,"bones":{"exhaustLeft":{"rotation":{"0.0":[0,0,0],"0.12":[-3.78,0,0],"0.2":[0,0,0],"0.28":[-3.15,0,0],"0.4":[0,0,0],"0.52":[-3.78,0,0],"0.6":[0,0,0],"0.68":[-3.15,0,0],"0.76":[0,0,0],"0.84":[-3.99,0,0],"0.92":[-2.1,0,0],"0.96":[0,0,0]}},"exhaustRight":{"rotation":{"0.0":[0,0,0],"0.12":[-3.78,0,0],"0.2":[0,0,0],"0.28":[-3.15,0,0],"0.4":[0,0,0],"0.52":[-3.78,0,0],"0.6":[0,0,0],"0.68":[-3.15,0,0],"0.76":[0,0,0],"0.84":[-3.99,0,0],"0.92":[-2.1,0,0],"0.96":[0,0,0]}},"energyMid1":{"position":{"0.0":[0,0,-3],"0.72":[0,0,16.56]},"scale":{"0.0":[0,0,0],"0.04":[0.05166,0.05166,0.05166],"0.12":[0.6013,0.6013,0.6013],"0.2":[0.6671,0.6671,0.6671],"0.24":[0.68593,0.68593,0.68593],"0.32":[0.7,0.7,0.7],"0.4":[0.66815,0.66815,0.66815],"0.48":[0.61362,0.61362,0.61362],"0.56":[0.47425,0.47425,0.47425],"0.64":[0.26502,0.26502,0.26502],"0.72":[0,0,0]}},"energyMid2":{"position":{"0.0":[0,0,10.7433],"0.24":[0,0,16.56],"0.48":[0,0,0],"0.72":[0,0,5.8167],"0.96":[0,0,10.7226]},"scale":{"0.0":[0.61362,0.61362,0.61362],"0.08":[0.47425,0.47425,0.47425],"0.16":[0.26502,0.26502,0.26502],"0.24":[0,0,0],"0.48":[0,0,0],"0.52":[0.05166,0.05166,0.05166],"0.6":[0.6013,0.6013,0.6013],"0.68":[0.6671,0.6671,0.6671],"0.72":[0.68593,0.68593,0.68593],"0.8":[0.7,0.7,0.7],"0.88":[0.66815,0.66815,0.66815],"0.96":[0.61362,0.61362,0.61362]}},"energyLeft2":{"position":{"0.0":[0,0,-3],"0.72":[0,0,16.56]},"scale":{"0.0":[0,0,0],"0.04":[0.05166,0.05166,0.05166],"0.12":[0.6013,0.6013,0.6013],"0.2":[0.6671,0.6671,0.6671],"0.24":[0.68593,0.68593,0.68593],"0.32":[0.7,0.7,0.7],"0.4":[0.66815,0.66815,0.66815],"0.48":[0.61362,0.61362,0.61362],"0.56":[0.47425,0.47425,0.47425],"0.64":[0.26502,0.26502,0.26502],"0.72":[0,0,0]}},"energylight3":{"position":{"0.0":[0,0,10.7433],"0.24":[0,0,16.56],"0.48":[0,0,0],"0.72":[0,0,5.8167],"0.96":[0,0,10.7226]},"scale":{"0.0":[0.61362,0.61362,0.61362],"0.08":[0.47425,0.47425,0.47425],"0.16":[0.26502,0.26502,0.26502],"0.24":[0,0,0],"0.48":[0,0,0],"0.52":[0.05166,0.05166,0.05166],"0.6":[0.6013,0.6013,0.6013],"0.68":[0.6671,0.6671,0.6671],"0.72":[0.68593,0.68593,0.68593],"0.8":[0.7,0.7,0.7],"0.88":[0.66815,0.66815,0.66815],"0.96":[0.61362,0.61362,0.61362]}},"energyRight3":{"position":{"0.0":[0,0,10.7433],"0.24":[0,0,16.56],"0.48":[0,0,0],"0.72":[0,0,5.8167],"0.96":[0,0,10.7226]},"scale":{"0.0":[0.61362,0.61362,0.61362],"0.08":[0.47425,0.47425,0.47425],"0.16":[0.26502,0.26502,0.26502],"0.24":[0,0,0],"0.48":[0,0,0],"0.52":[0.05166,0.05166,0.05166],"0.6":[0.6013,0.6013,0.6013],"0.68":[0.6671,0.6671,0.6671],"0.72":[0.68593,0.68593,0.68593],"0.8":[0.7,0.7,0.7],"0.88":[0.66815,0.66815,0.66815],"0.96":[0.61362,0.61362,0.61362]}},"energyRight4":{"position":{"0.0":[0,0,-3],"0.72":[0,0,16.56]},"scale":{"0.0":[0,0,0],"0.04":[0.05166,0.05166,0.05166],"0.12":[0.6013,0.6013,0.6013],"0.2":[0.6671,0.6671,0.6671],"0.24":[0.68593,0.68593,0.68593],"0.32":[0.7,0.7,0.7],"0.4":[0.66815,0.66815,0.66815],"0.48":[0.61362,0.61362,0.61362],"0.56":[0.47425,0.47425,0.47425],"0.64":[0.26502,0.26502,0.26502],"0.72":[0,0,0]}}}},"animation.hive.mounts.pirate.ship.move.forward":{"loop":"hold_on_last_frame","blend_weight":"math.min(1.0, (query.modified_move_speed * 0.5))","bones":{"mass":{"rotation":[5,0,0],"position":[0,0,3.5],"scale":[1,1,1.025]},"energyLeft":{"position":[0,0,1]},"energyRight":{"position":[0,0,1]},"exhaustLeft":{"scale":1.1},"exhaustRight":{"scale":1.1},"stern":{"rotation":[-12.5,0,0],"position":[0,0,-2.5]},"mastBase":{"rotation":[-12.5,0,0]},"mastUpper":{"rotation":[-12.5,0,0],"position":[0,-5,4.75]},"sailsUp":{"rotation":[0,0,0],"position":[0,2,2]},"flag":{"rotation":[5,0,0]}}},"animation.hive.mounts.pirate.ship.move.left":{"blend_weight":"variable.turn_lerped \u003c 0 ? -variable.turn_lerped : 0","loop":"hold_on_last_frame","bones":{"ship":{"rotation":[0,-2.5,12.5]},"mastUpper":{"rotation":[0,-22.5,0]},"flag":{"rotation":[0,22.5,0]},"energyLeft":{"rotation":[25,0,0]},"energyRight":{"rotation":[-25,0,0]},"exhaustLeft":{"rotation":[25,0,0]},"exhaustRight":{"rotation":[-25,0,0]},"shipsWheelLeft":{"rotation":[-90,0,0]},"shipsWheelRight":{"rotation":[90,0,0]}}},"animation.hive.mounts.pirate.ship.move.right":{"blend_weight":"variable.turn_lerped \u003e 0 ? variable.turn_lerped : 0","loop":"hold_on_last_frame","bones":{"ship":{"rotation":[0,5,-12.5]},"mastUpper":{"rotation":[0,22.5,0]},"flag":{"rotation":[0,-22.5,0]},"energyLeft":{"rotation":[-25,0,0]},"energyRight":{"rotation":[25,0,0]},"exhaustLeft":{"rotation":[-25,0,0]},"exhaustRight":{"rotation":[25,0,0]},"shipsWheelLeft":{"rotation":[90,0,0]},"shipsWheelRight":{"rotation":[-90,0,0]}}},"animation.hive.mounts.pirate.ship.afk":{"loop":"hold_on_last_frame","animation_length":1.8,"bones":{"ship":{"scale":{"0.44":[1,1,1],"0.52":[1,0.912,1],"0.56":[1,0.8975,1],"0.64":[1,0.9957,1],"1.0":[1,1.0225,1],"1.12":[1,0.9575,1],"1.32":[1,1,1]}},"shipsWheelLeft":{"rotation":{"0.0":[0,0,0],"0.12":[-1.9,0,0],"0.44":[-19.03113,0,0],"0.92":[313.8,0,0],"1.04":[365,0,0],"1.28":[358.25,0,0],"1.48":[359.71,0,0],"1.6":[360,0,0]}},"shipsWheelRight":{"rotation":{"0.0":[0,0,0],"0.12":[-1.9,0,0],"0.44":[-19.03113,0,0],"0.92":[313.8,0,0],"1.04":[365,0,0],"1.28":[358.25,0,0],"1.48":[359.71,0,0],"1.6":[360,0,0]}},"mastUpper":{"position":{"0.44":[0,0,0],"0.52":[0,-2,0],"0.68":[0,0,0],"0.76":[0,3,0],"0.8":[0,3.25,0],"0.88":[0,3.5,0],"0.96":[0,2.92,0],"1.0":[0,1.95,0],"1.04":[0,0,0],"1.12":[0,0.2,0],"1.2":[0,0,0]},"scale":{"0.44":[1,1,1],"0.52":[1,0.7,1],"0.68":[1,0.9333,1],"0.84":[1,1,1]}},"sailsUp":{"rotation":[0,-90,0],"position":[0,55,0],"scale":{"0.64":[1,0,1],"1.0":[1,0.1675,1],"1.12":[1,1.195,1],"1.24":[1,0.94,1],"1.36":[1,0.976,1],"1.52":[1,1,1]}},"sailTop":{"scale":{"0.52":[1,1,1],"0.6":[1,0.88,0.84],"0.64":[1,0.7,0.6],"0.76":[1,0.3,0.1],"0.8":[1,0,0]}},"flag":{"rotation":{"0.0":[0,0,0],"0.36":[1.8,0,0],"0.44":[3,0,0],"0.48":[8.85,0,0],"0.52":[16.95,0,0],"0.68":[-13.95,0,0],"1.04":[3,0,0],"1.32":[-1.35,0,0],"1.6":[0,0,0]}}}},"animation.hive.mounts.pirate.ship.afk.hold":{"loop":"hold_on_last_frame","bones":{"ship":{"scale":1},"shipsWheelLeft":{"rotation":[360,0,0]},"shipsWheelRight":{"rotation":[360,0,0]},"mastUpper":{"position":[0,0,0],"scale":1},