{"format_version":"1.8.0","animations":{"animation.hive.mounts.spaceship.idle":{"loop":true,"animation_length":1.2,"bones":{"body2":{"rotation":{"0.0":[0,0,0.06875],"0.2":[0,0,-0.06875],"0.4":[0,0,0.06875],"0.6":[0,0,-0.06875],"0.8":[0,0,0.06875],"1.0":[0,0,-0.06875],"1.2":[0,0,0.06875]}},"antenna":{"rotation":{"0.0":[0,0,-0.44466],"0.2":[0,0,0.44466],"0.4":[0,0,-0.44466],"0.6":[0,0,0.44466],"0.8":[0,0,-0.44466],"1.0":[0,0,0.44466],"1.2":[0,0,-0.44466]}},"thruster":{"rotation":{"0.0":[0,0.35,0],"0.08":[-0.2625,-0.175,0],"0.16":[-0.665,0.1225,0],"0.24":[0,0,0],"0.32":[0,0.35,0],"0.4":[-0.2625,-0.175,0],"0.48":[0,0,0],"0.56":[0,0.35,0],"0.64":[-0.2625,-0.175,0],"0.72":[-0.665,0.1225,0],"0.8":[0,0,0],"0.88":[0,0.35,0],"0.96":[-0.2625,-0.175,0],"1.04":[-0.665,0.1225,0],"1.12":[0,0,0],"1.2":[0,0.35,0]}}}},"animation.hive.mounts.spaceship.idle.energy":{"anim_time_update":"(1.0 + (query.modified_move_speed * 0.02)) * (query.delta_time + query.anim_time)","loop":true,"bones":{"energy":{"position":{"0.0":[0,0,0],"1.2":[0,0,10]},"scale":{"0.0":[0.1,0.1,1],"0.12":[0.775,0.775,1],"0.2":[0.925,0.925,1],"0.36":[1,1,1],"0.48":[0.9683,0.9683,1],"0.64":[0.9048,0.9048,1],"0.88":[0.6463,0.6463,1],"1.2":[0,0,1]}}}},"animation.hive.mounts.spaceship.fly.forward":{"blend_weight":"math.min(1.0, (query.modified_move_speed * 0.5))","loop":"hold_on_last_frame","bones":{"Chair":{"rotation":[0,0,0]},"leftWingSmall":{"rotation":[-22.5,0,0],"position":[0,0,1]},"rightWingSmall":{"rotation":[-22.5,0,0],"position":[0,0,1]},"rightWing":{"rotation":[0,18,0],"scale":1.1},"leftWing":{"rotation":[0,-18,0],"scale":1.1},"antenna":{"rotation":[-45,0,0]},"body2":{"rotation":[2,0,0],"position":[0,0,-0.25]},"thruster":{"scale":[1,1,1.1]},"Control":{"rotation":[-5,0,0]},"eyeLeft":{"scale":[1,0.7,1]},"eyeRight":{"scale":[1,0.7,1]}}},"animation.hive.mounts.spaceship.face.blink":{"loop":true,"animation_length":16,"bones":{"eyeLeft":{"scale":{"0.0":[1,1,1],"0.04":[1.1,0.5,1],"0.08":[1.6,0.2,1],"0.12":[1.9,0.3,1],"0.2":[1,1.1,1],"0.28":[1,1,1],"5.32":[1,1,1],"5.4":[1.1,0.5,1],"5.44":[1.6,0.2,1],"5.48":[1.9,0.3,1],"5.56":[1,1.1,1],"5.68":[1,1,1]}},"eyeRight":{"scale":{"0.04":[1,1,1],"0.08":[1.1,0.5,1],"0.12":[1.6,0.2,1],"0.16":[1.9,0.3,1],"0.24":[1,1.1,1],"0.32":[1,1,1],"5.28":[1,1,1],"5.32":[1.1,0.5,1],"5.4":[1.6,0.2,1],"5.44":[1.9,0.3,1],"5.52":[1,1.1,1],"5.64":[1,1,1]}}}},"animation.hive.mounts.spaceship.face.look.left":{"loop":"hold_on_last_frame","animation_length":14,"bones":{"eyeLeft":{"position":{"0.08":[0,0,0],"0.2":[1,0,0],"2.68":[1,0,0],"2.8":[0.8,0,0],"2.88":[0.875,0,0],"5.52":[0.88,0,0],"5.6":[0,0,0]},"scale":{"0.0":[1,1,1],"0.04":[1.1,0.5,1],"0.08":[1.6,0.2,1],"0.12":[1.9,0.3,1],"0.2":[1,1.1,1],"0.28":[1,1,1],"5.48":[1,1,1],"5.52":[1.1,0.5,1],"5.56":[1.6,0.2,1],"5.6":[1.9,0.3,1],"5.68":[1,1.1,1],"5.76":[1,1,1]}},"eyeRight":{"position":{"0.08":[0,0,0],"0.2":[1,0,0],"2.68":[1,0,0],"2.8":[0.8,0,0],"2.88":[0.875,0,0],"5.52":[0.88,0,0],"5.6":[0,0,0]},"scale":{"0.04":[1,1,1],"0.08":[1.1,0.5,1],"0.12":[1.6,0.2,1],"0.16":[1.9,0.3,1],"0.24":[1,1.1,1],"0.32":[1,1,1],"5.52":[1,1,1],"5.56":[1.1,0.5,1],"5.6":[1.6,0.2,1],"5.64":[1.9,0.3,1],"5.72":[1,1.1,1],"5.8":[1,1,1]}}}},"animation.hive.mounts.spaceship.face.look.right":{"loop":"hold_on_last_frame","animation_length":20,"bones":{"eyeLeft":{"position":{"0.08":[0,0,0],"0.2":[-1,0,0],"1.96":[-1,0,0],"2.08":[-0.8,0,0],"2.16":[-0.875,0,0],"3.88":[-0.88,0,0],"3.96":[0,0,0]},"scale":{"0.0":[1,1,1],"0.04":[1.1,0.5,1],"0.08":[1.6,0.2,1],"0.12":[1.9,0.3,1],"0.2":[1,1.1,1],"0.28":[1,1,1],"3.84":[1,1,1],"3.88":[1.1,0.5,1],"3.92":[1.6,0.2,1],"3.96":[1.9,0.3,1],"4.04":[1,1.1,1],"4.12":[1,1,1]}},"eyeRight":{"position":{"0.08":[0,0,0],"0.2":[-1,0,0],"1.96":[-1,0,0],"2.08":[-0.8,0,0],"2.16":[-0.875,0,0],"3.88":[-0.88,0,0],"3.96":[0,0,0]},"scale":{"0.04":[1,1,1],"0.08":[1.1,0.5,1],"0.12":[1.6,0.2,1],"0.16":[1.9,0.3,1],"0.24":[1,1.1,1],"0.32":[1,1,1],"3.88":[1,1,1],"3.92":[1.1,0.5,1],"3.96":[1.6,0.2,1],"4.0":[1.9,0.3,1],"4.08":[1,1.1,1],"4.16":[1,1,1]}}}},"animation.hive.mounts.spaceship.fly.left":{"blend_weight":"math.pow(-query.movement_direction(1), 1.5)","loop":true,"bones":{"body2":{"rotation":[0,0,10],"position":[-2,0,0]},"leftWing":{"rotation":[0,0,10]},"rightWing":{"rotation":[0,0,25]},"leftWingSmall":{"rotation":[0,0,22.5]},"rightWingSmall":{"rotation":[0,0,-20]},"antenna":{"rotation":[0,0,-10]},"eyeLeft":{"position":[0.75,0,0]},"eyeRight":{"position":[0.75,0,0]}}},"animation.hive.mounts.spaceship.fly.right":{"loop":"hold_on_last_frame","bones":{"body2":{"rotation":[0,0,-10],"position":[2,0,0]},"leftWing":{"rotation":[0,0,-25]},"rightWing":{"rotation":[0,0,-10]},"leftWingSmall":{"rotation":[0,0,22.5]},"rightWingSmall":{"rotation":[0,0,-20]},"antenna":{"rotation":[0,0,12.5]},"eyeLeft":{"position":[-0.75,0,0]},"eyeRight":{"position":[-0.75,0,0]}}}}}