{
  "format_version": "1.12.0",
  "minecraft:geometry": [
    {
      "bones": [
        {
          "cubes": [
            {
              "origin": [
                -9.41421,
                1.75,
                -3.41421
              ],
              "pivot": [
                -1.41421,
                1.75,
                -1.41421
              ],
              "rotation": [
                -18.8817,
                -41.6411,
                27.2363
              ],
              "size": [
                8,
                0,
                4
              ],
              "uv": {
                "up": {
                  "uv": [
                    17,
                    0
                  ],
                  "uv_size": [
                    -8,
                    4
                  ]
                }
              }
            },
            {
              "origin": [
                1.41421,
                1.75,
                -0.58579
              ],
              "pivot": [
                1.41421,
                1.75,
                1.41421
              ],
              "rotation": [
                18.8817,
                -41.6411,
                -27.2363
              ],
              "size": [
                8,
                0,
                4
              ],
              "uv": {
                "up": {
                  "uv": [
                    9,
                    0
                  ],
                  "uv_size": [
                    8,
                    4
                  ]
                }
              }
            },
            {
              "origin": [
                -0.58579,
                1.75,
                -9.41421
              ],
              "pivot": [
                1.41421,
                1.75,
                -1.41421
              ],
              "rotation": [
                -20,
                -45,
                0
              ],
              "size": [
                4,
                0,
                8
              ],
              "uv": {
                "up": {
                  "uv": [
                    32,
                    8
                  ],
                  "uv_size": [
                    -4,
                    -8
                  ]
                }
              }
            },
            {
              "origin": [
                -3.41421,
                1.75,
                1.41421
              ],
              "pivot": [
                -1.41421,
                1.75,
                1.41421
              ],
              "rotation": [
                20,
                -45,
                0
              ],
              "size": [
                4,
                0,
                8
              ],
              "uv": {
                "up": {
                  "uv": [
                    32,
                    0
                  ],
                  "uv_size": [
                    -4,
                    8
                  ]
                }
              }
            },
            {
              "origin": [
                -12,
                1.75,
                -3
              ],
              "pivot": [
                0,
                0,
                0
              ],
              "rotation": [
                0,
                -45,
                0
              ],
              "size": [
                9,
                0,
                6
              ],
              "uv": {
                "up": {
                  "uv": [
                    9,
                    16
                  ],
                  "uv_size": [
                    -9,
                    6
                  ]
                }
              }
            },
            {
              "origin": [
                3,
                1.75,
                -3
              ],
              "pivot": [
                0,
                0,
                0
              ],
              "rotation": [
                0,
                -45,
                0
              ],
              "size": [
                9,
                0,
                6
              ],
              "uv": {
                "up": {
                  "uv": [
                    0,
                    22
                  ],
                  "uv_size": [
                    9,
                    -6
                  ]
                }
              }
            },
            {
              "origin": [
                -3,
                1.75,
                -12
              ],
              "pivot": [
                0,
                0,
                0
              ],
              "rotation": [
                0,
                -45,
                0
              ],
              "size": [
                6,
                0,
                9
              ],
              "uv": {
                "up": {
                  "uv": [
                    14,
                    14
                  ],
                  "uv_size": [
                    6,
                    -9
                  ]
                }
              }
            },
            {
              "origin": [
                -3,
                1.75,
                3
              ],
              "pivot": [
                0,
                0,
                0
              ],
              "rotation": [
                0,
                -45,
                0
              ],
              "size": [
                6,
                0,
                9
              ],
              "uv": {
                "up": {
                  "uv": [
                    20,
                    5
                  ],
                  "uv_size": [
                    -6,
                    9
                  ]
                }
              }
            },
            {
              "origin": [
                -12,
                1.75,
                -3
              ],
              "pivot": [
                -3,
                1.75,
                0
              ],
              "rotation": [
                0,
                0,
                15
              ],
              "size": [
                9,
                0,
                6
              ],
              "uv": {
                "up": {
                  "uv": [
                    9,
                    15
                  ],
                  "uv_size": [
                    -9,
                    -6
                  ]
                }
              }
            },
            {
              "origin": [
                3,
                1.75,
                -3
              ],
              "pivot": [
                3,
                1.75,
                0
              ],
              "rotation": [
                0,
                0,
                -15
              ],
              "size": [
                9,
                0,
                6
              ],
              "uv": {
                "up": {
                  "uv": [
                    0,
                    9
                  ],
                  "uv_size": [
                    9,
                    6
                  ]
                }
              }
            },
            {
              "origin": [
                -3,
                1.75,
                -12
              ],
              "pivot": [
                0,
                1.75,
                -3
              ],
              "rotation": [
                -15,
                0,
                0
              ],
              "size": [
                6,
                0,
                9
              ],
              "uv": {
                "up": {
                  "uv": [
                    27,
                    9
                  ],