{"format_version":"1.8.0","animations":{"animation.hive.dr.trap.dragons.breath.activate":{"loop":"hold_on_last_frame","animation_length":3.32,"bones":{"dragonRear":{"rotation":{"0.0":[0,0,0],"0.04":[-1.5444,0,0],"0.08":[-1.6731,0,0],"0.16":[-1.57872,0,0],"0.24":[-1.18404,0,0],"0.28":[0,0,0],"2.36":[0,0,0],"2.44":[-1,0,0],"2.52":[-1.33,0,0],"2.64":[-1.5,0,0],"2.68":[-1.25,0,0],"2.76":[0,0,0]}},"mouth":{"rotation":{"0.28":[0,0,0],"0.32":[50,0,0],"2.16":[50,0,0],"2.36":[0,0,0]}},"dragonFront":{"rotation":{"0.28":[0,0,0],"0.32":[10,0,0],"0.4":[12.4,0,0],"0.48":[13.31,0,0],"0.56":[13.77,0,0],"0.64":[13.91,0,0],"0.72":[14,0,0],"1.84":[14,0,0],"1.92":[13.79,0,0],"2.04":[13.15,0,0],"2.16":[11.45,0,0],"2.36":[0,0,0],"2.76":[0,0,0],"2.88":[0.56,0,0],"2.96":[0.69,0,0],"3.04":[0.75,0,0],"3.12":[0.71,0,0],"3.2":[0.64,0,0],"3.32":[0,0,0]}},"head":{"rotation":{"0.28":[0,0,0],"0.32":[-6.5,0,0],"0.4":[-8.06,0,0],"0.48":[-8.6515,0,0],"0.56":[-8.9505,0,0],"0.64":[-9.0415,0,0],"0.72":[-9.1,0,0],"1.84":[-9.1,0,0],"1.92":[-8.9635,0,0],"2.04":[-8.5475,0,0],"2.16":[-7.4425,0,0],"2.36":[0,0,0]}},"neck":{"rotation":{"0.32":[0,0,0],"0.36":[0,-2.45,0],"0.4":[0,2.45,0],"0.44":[0,-2.45,0],"0.48":[0,2.45,0],"0.52":[0,-2.45,0],"0.56":[0,2.45,0],"0.6":[0,-2.45,0],"0.64":[0,2.45,0],"0.68":[0,-2.45,0],"0.72":[0,2.45,0],"0.76":[0,-2.45,0],"0.8":[0,2.45,0],"0.84":[0,-2.45,0],"0.88":[0,2.45,0],"0.92":[0,-2.45,0],"0.96":[0,2.45,0],"1.0":[0,-2.45,0],"1.04":[0,2.45,0],"1.08":[0,-2.45,0],"1.12":[0,2.45,0],"1.16":[0,-2.45,0],"1.2":[0,2.45,0],"1.24":[0,-2.45,0],"1.28":[0,2.45,0],"1.32":[0,-2.45,0],"1.4":[0,2.45,0],"1.48":[0,-2.45,0],"1.56":[0,2.45,0],"1.68":[0,-2.45,0],"1.8":[0,2.45,0],"1.96":[0,-2.45,0],"2.08":[0,2.45,0],"2.36":[0,0,0]}},"eyebrows":{"position":{"0.28":[0,0,0],"0.36":[0,-0.1125,0],"1.16":[0,-0.225,0],"1.56":[0,-0.252,0],"1.88":[0,-0.25875,0],"2.16":[0,-0.25875,0],"2.36":[0,0,0]}}}}}}