{"format_version":"1.8.0","animations":{"animation.hive.murder.interactable.remnants.teleporter.spawn":{"loop":"hold_on_last_frame","animation_length":1,"bones":{"glowInner":{"scale":{"0.0":[0,1,0],"0.2":[0.6667,1,0.6667],"0.4":[0.8667,1,0.8667],"0.56":[0.9467,1,0.9467],"0.76":[0.9867,1,0.9867],"1.0":[1,1,1]}},"glowParticles":{"scale":{"0.0":[0,1,0],"0.2":[0.6667,1,0.6667],"0.4":[0.8667,1,0.8667],"0.56":[0.9467,1,0.9467],"0.76":[0.9867,1,0.9867],"1.0":[1,1,1]}}}},"animation.hive.murder.interactable.remnants.teleporter.idle":{"loop":true,"bones":{"1":{"position":[0,"math.cos(query.life_time * 240) * 0.3",0]},"2":{"position":[0,"math.cos(query.life_time * 245) * 0.42",0]},"3":{"position":[0,"math.cos(query.life_time * 255) * 0.4",0]},"4":{"position":[0,"math.cos(query.life_time * 235) * 0.5",0]},"5":{"position":[0,"math.cos(query.life_time * 245) * 0.3",0]},"6":{"position":[0,"math.cos(query.life_time * 242) * 0.3",0]},"7":{"position":[0,"math.cos(query.life_time * 232) * 0.2",0]}}},"animation.hive.murder.interactable.remnants.teleporter.use":{"loop":"hold_on_last_frame","animation_length":1.16,"bones":{"glowInner":{"scale":{"0.0":[1,1,1],"0.04":[1.0772,1,1.0772],"0.12":[1.4187,1,1.4187],"0.16":[1.4729,1,1.4729],"0.36":[1.4923,1,1.4923],"0.48":[1.5,1,1.5],"0.56":[1.4414,1,1.4414],"0.64":[1.3111,1,1.3111],"0.72":[0.969,1,0.969],"0.8":[0.855,1,0.855],"0.88":[0.9517,1,0.9517],"0.96":[0.9839,1,0.9839],"1.12":[1,1,1]}},"glowParticles":{"position":{"0.0":[0,0,0],"0.08":[0,-0.45,0],"0.16":[0,0.25875,0],"0.2":[0,-0.45,0],"0.24":[0,0.25875,0],"0.28":[0,-0.45,0],"0.32":[0,0.25875,0],"0.36":[0,-0.45,0],"0.4":[0,0.25875,0],"0.44":[0,-0.45,0],"0.48":[0,0.25875,0],"0.56":[0,-0.45,0],"0.64":[0,0.25875,0],"0.72":[0,0,0]},"scale":{"0.0":[1,1,1],"0.04":[1.0772,1,1.0772],"0.12":[1.4187,1,1.4187],"0.16":[1.4729,1,1.4729],"0.4":[1.4923,1,1.4923],"0.52":[1.5,1,1.5],"0.6":[1.4414,1,1.4414],"0.68":[1.3111,1,1.3111],"0.76":[0.969,1,0.969],"0.84":[0.855,1,0.855],"0.92":[0.9517,1,0.9517],"1.0":[0.9839,1,0.9839],"1.16":[1,1,1]}}}}}}