{"format_version":"1.8.0","animations":{"animation.hive.common.prestige.wings":{"loop":"hold_on_last_frame","animation_length":4.36,"bones":{"1":{"rotation":{"0.0":[0,0,-30],"0.08":[0,0,-29.73485],"0.16":[0,0,-28.93939],"0.28":[0,0,-23.63636],"0.4":[0,0,-2.15909],"0.52":[0,0,2.13636],"0.64":[0,0,3.85455],"0.76":[0,0,4.71364],"0.88":[0,0,5],"0.96":[0,0,2.25],"1.0":[0,0,-0.5],"1.12":[20,-24,-19.7],"1.24":[23,-27.6,-22.58],"1.36":[24.5,-29.4,-24.02],"1.48":[25,-30,-24.5],"1.6":[17.86,-21.43,-17.5],"1.76":[3.57,1.71,-0.9],"1.88":[0.89,6.05,2.21],"2.0":[0.22,7.14,2.99],"2.16":[20,-24,-19.7],"2.28":[23,-27.6,-22.58],"2.36":[24.5,-29.4,-24.02],"2.44":[25,-30,-24.5],"2.52":[17.86,-21.43,-17.5],"2.72":[3.57,1.71,-0.9],"2.96":[0.89,6.05,2.21],"3.6":[0.22,7.14,2.99],"3.88":[0.12,7.31,3.11],"3.96":[0.11,7.01,-0.77],"4.0":[0.1,6.4,-8.53],"4.08":[0.07,4.57,-31.81],"4.28":[0,0,-47.5]},"scale":{"0.0":[0.2,1,1],"0.08":[0.20606,1,1],"0.16":[0.22424,1,1],"0.28":[0.34545,1,1],"0.4":[0.83636,1,1],"0.52":[0.93455,1,1],"0.64":[0.97382,1,1],"0.76":[0.99345,1,1],"0.88":[1,1,1],"1.08":[1,1,1],"1.16":[1.3,1,1],"1.44":[0.95,1,1],"1.6":[0.9,1,1],"1.76":[1,1,1],"2.12":[1,1,1],"2.2":[1.3,1,1],"2.4":[0.95,1,1],"2.52":[0.9,1,1],"2.72":[1,1,1],"3.88":[1,1,1],"3.96":[0.9667,1,1],"4.0":[0.9,1,1],"4.28":[0,0.4,1]}},"2":{"rotation":{"0.0":[0,0,-17.5],"0.24":[0,0,-47.5],"0.76":[0,0,20],"0.92":[0,0,22.5],"1.12":[0,32.5,22.5],"1.28":[0,-40,22.5],"1.48":[0,-41,22.5],"1.6":[0,-60.38,22.5],"1.76":[0,0,12.5],"2.0":[0,4.09,15.23],"2.16":[0,32.5,22.5],"2.28":[0,-40,22.5],"2.44":[0,-41,22.5],"2.52":[0,-60.38,22.5],"2.72":[0,0,12.5],"3.6":[0,4.09,15.23],"3.92":[0,5.53,16.19],"4.0":[0,5.89,21.43],"4.04":[0,6.07,23.49],"4.08":[0,6.25,10.24],"4.16":[0,6.61,-32.69],"4.36":[0,7.5,17.5]},"position":{"1.6":[0,0,0],"1.76":[0,0,0.625],"2.0":[0,0,0.28],"2.52":[0,0,0],"2.72":[0,0,0.625],"3.6":[0,0,0.28],"4.36":[0,0,0]},"scale":{"0.0":[0.5,1,1],"0.4":[0.95455,1,1],"0.52":[0.98182,1,1],"0.64":[0.99273,1,1],"0.76":[0.99818,1,1],"0.88":[1,1,1]}},"3":{"rotation":{"0.0":[0,0,-37.5],"0.6":[0,0,-7.95],"0.96":[0,0,27.5],"1.08":[0,50,27.5],"1.36":[0,-46.25,3.44],"1.48":[0,-60,0],"1.6":[0,-70,0],"1.68":[0,-123,0],"1.8":[0,0,0],"2.0":[0,5,5],"2.12":[0,50,27.5],"2.36":[0,-46.25,3.44],"2.44":[0,-60,0],"2.52":[0,-70,0],"2.6":[0,-123,0],"2.8":[0,0,0],"3.6":[0,5,5],"4.36":[0,10,10]},"scale":{"0.0":[0.5,1,1],"0.08":[0.50379,1,1],"0.16":[0.51515,1,1],"0.28":[0.59091,1,1],"0.4":[0.89773,1,1],"0.52":[0.95909,1,1],"0.64":[0.98364,1,1],"0.76":[0.99591,1,1],"0.88":[1,1,1]}},"4":{"rotation":{"0.0":[0,0,30],"0.08":[0,0,29.73485],"0.16":[0,0,28.93939],"0.28":[0,0,23.63636],"0.4":[0,0,2.15909],"0.52":[0,0,-2.13636],"0.64":[0,0,-3.85455],"0.76":[0,0,-4.71364],"0.88":[0,0,-5],"0.96":[0,0,-2.25],"1.0":[0,0,0.5],"1.12":[20,24,19.7],"1.24":[23,27.6,22.58],"1.4":[24.5,29.4,24.02],"1.52":[25,30,24.5],"1.64":[17.86,21.43,17.5],"1.8":[3.57,-1.71,0.9],"1.92":[0.89,-6.05,-2.21],"2.04":[0.22,-7.14,-2.99],"2.16":[20,24,19.7],"2.28":[23,27.6,22.58],"2.36":[24.5,29.4,24.02],"2.44":[25,30,24.5],"2.52":[17.86,21.43,17.5],"2.72":[3.57,-1.71,0.9],"2.96":[0.89,-6.05,-2.21],"3.6":[0.22,-7.14,-2.99],"3.84":[0.12,-7.31,-3.11],"3.92":[0.11,-7.01,0.77],"3.96":[0.1,-6.4,8.53],"4.04":[0.07,-4.57,31.81],"4.24":[0,0,47.5]},"scale":{"0.0":[0.2,1,1],"0.08":[0.20606,1,1],"0.16":[0.22424,1,1],"0.28":[0.34545,1,1],"0.4":[0.83636,1,1],"0.52":[0.93455,1,1],"0.64":[0.97382,1,1],"0.76":[0.99345,1,1],"0.88":[1,1,1],"1.08":[1,1,1],"1.16":[1.3,1,1],"1.48":[0.95,1,1],"1.64":[0.9,1,1],"1.8":[1,1,1],"2.12":[1,1,1],"2.2":[1.3,1,1],"2.4":[0.95,1,1],"2.52":[0.9,1,1],"2.72":[1,1,1],"3.84":[1,1,1],"3.92":[0.9667,1,1],"3.96":[0.9,1,1],"4.24":[0,0.4,1]}},"5":{"rotation":{"0.0":[0,0,17.5],"0.24":[0,0,47.5],"0.76":[0,0,-20],"0.92":[0,0,-22.5],"1.12":[0,-32.5,-22.5],"1.32":[0,40,-22.5],"1.52":[0,41,-22.5],"1.64":[0,60.38,-22.5],"1.8":[0,0,-12.5],"2.04":[0,-4.09,-15.23],"2.16":[0,-32.5,-22.5],"2.28":[0,40,-22.5],"2.44":[0,41,-22.5],"2.52":[0,60.38,-22.5],"2.72":[0,0,-12.5],"3.6":[0,-4.09,-15.23],"3.88":[0,-5.53,-16.19],"3.96":[0,-5.89,-21.43],"4.0":[0,-6.07,-23.49],"4.04":[0,-6.25,-10.24],"4.12":[0,-6.61,32.69],"4.32":[0,-7.5,-17.5]},"position":{"1.64":[0,0,0],"1.8":[0,0,0.625],"2.04":[0,0,0.28],"2.52":[0,0,0],"2.72":[0,0,0.625],"3.6":[0,0,0.28],"4.32":[0,0,0]},"scale":{"0.0":[0.5,1,1],"0.4":[0.95455,1,1],"0.52":[0.98182,1,1],"0.64":[0.99273,1,1],"0.76":[0.99818,1,1],"0.88":[1,1,1]}},"6":{"rotation":{"0.0":[0,0,37.5],"0.6":[0,0,7.95],"0.96":[0,0,-27.5],"1.08":[0,-50,-27.5],"1.4":[0,46.25,-3.44],"1.52":[0,60,0],"1.64":[0,70,0],"1.72":[0,123,0],"1.84":[0,0,0],"2.04":[0,-5,-5],"2.12":[0,-50,-27.5],"2.36":[0,46.25,-3.44],"2.44":[0,60,0],"2.52":[0,70,0],"2.6":[0,123,0],"2.8":[0,0,0],"3.6":[0,-5,-5],"4.32":[0,-10,-10]},"scale":{"0.0":[0.5,1,1],"0.08":[0.50379,1,1],"0.16":[0.51515,1,1],"0.28":[0.59091,1,1],"0.4":[0.89773,1,1],"0.52":[0.95909,1,1],"0.64":[0.98364,1,1],"0.76":[0.99591,1,1],"0.88":[1,1,1]}},"leftWing":{"rotation":{"0.0":[0,-45,0],"0.68":[0,-31.58,-26.84],"0.8":[0,-30.63,-28.74],"0.96":[0,-30,-30],"1.2":[0,0,0]},"scale":{"0.0":[0,0.3,1],"0.24":[1,1,1],"4.08":[1,1,1],"4.28":[0,0,1]}},"rightWing":{"rotation":{"0.0":[0,45,0],"0.68":[0,31.58,26.84],"0.8":[0,30.63,28.74],"0.96":[0,30,30],"1.2":[0,0,0]},"scale":{"0.0":[0,0.3,1],"0.24":[1,1,1],"4.08":[1,1,1],"4.28":[0,0,1]}}},"particle_effects":{"0.0":{"effect":"circle"},"0.88":{"effect":"swirl"},"0.96":[{"effect":"wings","locator":"left_tip"},{"effect":"wings","locator":"right_tip"}],"1.0":[{"effect":"feathers","locator":"left_tip"},{"effect":"feathers","locator":"right_tip"}],"4.28":{"effect":"feathers_burst","locator":"left_tip"}}}}}