{"format_version":"1.8.0","animations":{"animation.hive.hub.generic.spin.slow":{"loop":true,"animation_length":7.84,"bones":{"root":{"rotation":{"0.0":[0,0,0],"7.84":[0,360,0]},"position":{"0.0":[0,0,0],"0.28":[0,0.07,0],"0.56":[0,0.22,0],"1.44":[0,1.26,0],"1.68":[0,1.405,0],"1.96":[0,1.475,0],"2.24":[0,1.405,0],"2.48":[0,1.26,0],"3.36":[0,0.22,0],"3.64":[0,0.07,0],"3.92":[0,0,0],"4.2":[0,0.07,0],"4.48":[0,0.22,0],"5.36":[0,1.26,0],"5.6":[0,1.405,0],"5.88":[0,1.475,0],"6.16":[0,1.405,0],"6.4":[0,1.26,0],"7.28":[0,0.22,0],"7.56":[0,0.07,0],"7.84":[0,0,0]}}}},"animation.hive.hub.generic.spin.fast":{"loop":true,"animation_length":3.9,"bones":{"root":{"rotation":{"0.0":[0,0,0],"3.9":[0,720,0]},"position":{"0.0":[0,0,0],"0.3":[0,0.07,0],"0.6":[0,0.22,0],"1.4":[0,1.26,0],"1.7":[0,1.405,0],"2.0":[0,1.475,0],"2.2":[0,1.405,0],"2.5":[0,1.26,0],"3.4":[0,0.22,0],"3.6":[0,0.07,0],"3.9":[0,0,0]}}}},"animation.hive.hub.generic.spawn.bounce":{"loop":"hold_on_last_frame","animation_length":0.58,"bones":{"root":{"position":{"0.0":[0,-11,0],"0.1":[0,0.64,0],"0.16":[0,2.86,0],"0.22":[0,3,0],"0.26":[0,2.66,0],"0.3":[0,1.75,0],"0.34":[0,-0.425,0],"0.4":[0,0.12,0],"0.46":[0,0.26,0],"0.56":[0,0,0]},"scale":{"0.0":[0.1,0.1,0.4],"0.06":[0.0963,0.3296,0.3674],"0.1":[0.4548,0.9048,0.6184],"0.16":[0.8282,0.9407,0.8797],"0.22":[0.9215,0.9496,0.945],"0.36":[1,1,1]}}}},"animation.hive.hub.generic.spawn.bounce.high":{"loop":"hold_on_last_frame","animation_length":0.74,"bones":{"root":{"position":{"0.0":[0,-11,0],"0.1":[0,1.54024,0],"0.16":[0,6.88293,0],"0.22":[0,7.21986,0],"0.26":[0,6.40161,0],"0.32":[0,4.44397,0],"0.36":[0,-0.05,0],"0.44":[0,0.5,0],"0.52":[0,0.71,0],"0.62":[0,-0.275,0],"0.7":[0,0,0]},"scale":{"0.0":[0.1,0.1,0.4],"0.06":[0.0963,0.3296,0.3674],"0.1":[0.4548,0.9048,0.6184],"0.16":[0.8282,0.9407,0.8797],"0.22":[0.9215,0.9496,0.945],"0.36":[1,1,1]}}}},"animation.hive.hub.generic.spawn.spin":{"loop":"hold_on_last_frame","animation_length":0.64,"bones":{"root":{"rotation":{"0.0":[0,180,0],"0.48":[0,360,0]},"position":{"0.0":[0,-7,0],"0.04":[0,-5.25,0],"0.16":[0,6.25,0],"0.24":[0,8,0],"0.32":[0,7.86,0],"0.4":[0,6.25,0],"0.48":[0,-1,0],"0.56":[0,-0.175,0],"0.64":[0,0,0]},"scale":{"0.0":[0.1,0.1,0.4],"0.08":[0.0963,0.3296,0.3674],"0.12":[0.4548,0.9048,0.6184],"0.16":[0.8282,0.9407,0.8797],"0.24":[0.9215,0.9496,0.945],"0.36":[1,1,1]}}}},"animation.hive.hub.generic.despawn.fast":{"loop":"hold_on_last_frame","animation_length":0.52,"bones":{"root":{"scale":{"0.0":[1,1,1],"0.04":[0.9744,0.9744,0.9744],"0.44":[0.2249,0.2249,0.2249],"0.52":[0,0,0]}}}},"animation.hive.hub.generic.despawn.slow":{"loop":"hold_on_last_frame","animation_length":1.16,"bones":{"root":{"scale":{"0.0":[1,1,1],"0.12":[0.9744,0.9744,0.9744],"0.32":[0.8406,0.8406,0.8406],"0.76":[0.439,0.439,0.439],"1.16":[0,0,0]}}}}}}