{"format_version":"1.8.0","animations":{"animation.hive.drop.beacon.activate":{"loop":"hold_on_last_frame","animation_length":1.04,"bones":{"bottom":{"scale":{"0.0":[0.56,0,0.56],"0.08":[2.05338,0.14,2.05338],"0.16":[4.87,0.63,4.87],"0.2":[3.1,1.4,3.1],"0.28":[2.0734,1.86662,2.0734],"0.36":[1.2375,2.8,1.31],"0.6":[0.105,3.01,0.105],"0.72":[0.035,3.0567,0.035],"0.96":[0,3.08,0],"1.04":[0,0,0]}},"root":{"scale":[1.1,1.5,1.1]}}}}}