{"format_version":"1.8.0","animations":{"animation.hive.hub.npc.animals.owl.idle":{"loop":true,"animation_length":3.56,"bones":{"body":{"position":{"0.0":[0,0,0],"0.08":[0,-0.00093,0],"0.2":[0,-0.00556,0],"0.36":[0,-0.01111,0],"0.84":[0,-0.07037,0],"1.08":[0,-0.08632,0],"1.32":[0,-0.09503,0],"1.6":[0,-0.1,0],"1.88":[0,-0.09503,0],"2.12":[0,-0.08632,0],"2.36":[0,-0.07037,0],"2.84":[0,-0.02691,0],"3.12":[0,-0.01153,0],"3.36":[0,-0.00432,0],"3.56":[0,0,0]}},"head":{"position":{"0.0":[0,0,0],"0.08":[0,-0.00204,0],"0.2":[0,-0.01222,0],"0.36":[0,-0.02444,0],"0.84":[0,-0.15481,0],"1.08":[0,-0.18991,0],"1.32":[0,-0.20906,0],"1.6":[0,-0.22,0],"1.88":[0,-0.20906,0],"2.12":[0,-0.18991,0],"2.36":[0,-0.15481,0],"2.84":[0,-0.05919,0],"3.12":[0,-0.02537,0],"3.36":[0,-0.00951,0],"3.56":[0,0,0]}},"wings":{"position":{"0.0":[0,0,0],"0.08":[0,0.00139,0],"0.2":[0,0.00833,0],"0.36":[0,0.01667,0],"0.84":[0,0.10556,0],"1.08":[0,0.12949,0],"1.32":[0,0.14254,0],"1.6":[0,0.15,0],"1.88":[0,0.14254,0],"2.12":[0,0.12949,0],"2.36":[0,0.10556,0],"2.84":[0,0.04036,0],"3.12":[0,0.0173,0],"3.36":[0,0.00649,0],"3.56":[0,0,0]}}}},"animation.hive.hub.npc.animals.owl.blink":{"loop":"hold_on_last_frame","animation_length":1,"bones":{"head":{"rotation":{"0.2":[0,0,0],"0.4":[1.75,0,0],"0.6":[-1.5,0,0],"0.68":[-0.75,0,0],"0.76":[-0.37,0,0],"0.88":[0,0,0]}},"eyeLeft":{"scale":{"0.2":[1,1,1],"0.32":[1,0.6,1],"0.36":[1,0.5,1],"0.4":[1,0.8,1],"0.48":[1,1,1]}},"eyeRight":{"scale":{"0.28":[1,1,1],"0.4":[1,0.6,1],"0.44":[1,0.5,1],"0.48":[1,0.8,1],"0.56":[1,1,1]}},"eyebrowLeft":{"position":{"0.0":[0,0,0],"0.08":[0,-0.03,0],"0.16":[0,-0.13,0],"0.24":[0,-0.53,0],"0.32":[0,-1.25,0],"0.36":[0,-1.325,0],"0.48":[0,0.125,0],"0.6":[0,0,0]}},"eyebrowRight":{"position":{"0.08":[0,0,0],"0.16":[0,-0.03,0],"0.24":[0,-0.13,0],"0.32":[0,-0.53,0],"0.4":[0,-1.25,0],"0.44":[0,-1.325,0],"0.56":[0,0.125,0],"0.68":[0,0,0]}},"wings":{"position":{"0.24":[0,0,0],"0.44":[0,-0.3,0],"0.68":[0,0.075,0],"1.0":[0,0,0]}}}},"animation.hive.hub.npc.animals.owl.look":{"loop":"hold_on_last_frame","animation_length":5.72,"bones":{"body":{"rotation":{"1.0":[0,0,0],"1.16":[0,-0.693,0],"1.24":[0,-1.442,0],"1.36":[0,-5.3375,0],"1.44":[0,-4.91225,0],"1.56":[0,-4.7145,0],"1.68":[0,-4.87375,0],"1.84":[0,-4.9875,0],"3.12":[0,-4.9875,0],"3.24":[0,-4.3225,-0.665],"3.32":[0,-3.325,-1.6625],"3.36":[0,-3.423,-1.561],"3.44":[0,-3.5245,-1.463],"4.6":[0,-3.5245,-1.463],"4.68":[0.343,-3.227,-1.2425],"4.72":[1.029,-2.6285,-0.805],"4.8":[3.0835,-0.833,0.5075],"5.0":[1.288,1.9985,-0.399],"5.16":[0.322,1.5575,-0.945],"5.32":[-0.203,0,-0.497],"5.4":[-0.0665,0,-0.1645],"5.52":[0,0,0]}},"head":{"rotation":{"0.0":[0,0,0],"1.12":[0,0,0],"1.28":[0,-1.98,0],"1.36":[0,-4.12,0],"1.48":[0,-15.25,0],"1.56":[0,-14.035,0],"1.68":[0,-13.47,0],"1.8":[0,-13.925,0],"1.96":[0,-14.25,0],"3.24":[0,-14.25,0],"3.32":[0,-12.35,-1.9],"3.4":[0,-9.5,-4.75],"3.44":[0,-9.78,-4.46],"3.52":[0,-10.07,-4.18],"4.72":[0,-10.07,-4.18],"4.8":[0.98,-9.22,-3.55],"4.84":[2.94,-7.51,-2.3],"4.92":[8.81,-2.38,1.45],"5.12":[3.68,5.71,-1.14],"5.28":[0.92,4.45,-2.7],"5.44":[-0.58,0,-1.42],"5.52":[-0.19,0,-0.47],"5.64":[0,0,0]}},"eyebrowLeft":{"position":{"0.96":[0,0,0],"1.04":[0,-0.11,0],"1.12":[0,-0.325,0],"1.2":[0,-0.545,0],"1.28":[0,-1.5,0],"1.44":[0,0.8,0],"1.6":[0,0.65,0],"1.72":[0,0.7,0],"3.12":[0,0.7,0],"3.36":[0,1.25,0],"3.52":[0,1.1,0],"3.68":[0,1.125,0],"4.72":[0,1.13,0],"4.88":[0,0.6,0],"5.0":[0,-0.78,0],"5.24":[0,-1.175,0],"5.56":[0,0.075,0],"5.68":[0,0,0]},"scale":{"1.08":[1,1,1],"1.2":[1,1.1,1],"3.12":[1,1.1,1],"3.36":[1,1,1]}},"eyebrowRight":{"position":{"1.0":[0,0,0],"1.08":[0,-0.11,0],"1.16":[0,-0.325,0],"1.24":[0,-0.545,0],"1.32":[0,-1.5,0],"1.48":[0,-0.1175,0],"1.64":[0,-0.2675,0],"1.76":[0,-0.2175,0],"3.16":[0,-0.2175,0],"3.4":[0,0.3325,0],"3.56":[0,0.1825,0],"3.72":[0,0.2075,0],"4.76":[0,0.2075,0],"4.92":[0,0.025,0],"5.04":[0,-0.78,0],"5.28":[0,-1.175,0],"5.6":[0,0.075,0],"5.72":[0,0,0]},"scale":{"1.12":[1,1,1],"1.24":[1,1.1,1],"3.16":[1,1.1,1],"3.4":[1,1,1]}},"leftwing":{"rotation":{"3.16":[0,0,0],"3.4":[0,0,-8.5],"3.64":[0,0,-5.25],"3.8":[0,0,-6.08],"4.04":[0,0,-6.5],"4.76":[0,0,-6.5],"5.24":[0,0,0]}},"rightwing":{"rotation":{"3.2":[0,0,0],"3.44":[0,0,8.5],"3.68":[0,0,5.25],"3.84":[0,0,6.08],"4.08":[0,0,6.5],"4.8":[0,0,6.5],"5.28":[0,0,0]}},"wings":{"position":{"1.0":[0,0,0],"1.28":[0,-0.275,0],"1.48":[0,-0.08,0],"1.72":[0,0,0],"4.76":[0,0,0],"4.88":[0,-0.11,0],"5.04":[0,-0.375,0],"5.24":[0,-0.14,0],"5.48":[0,0,0]}},"eyeLeft":{"scale":{"1.2":[1,1,1],"1.24":[1,0.7,1],"1.28":[1,0.4,1],"1.36":[1,1,1],"1.44":[1,1.2,1],"3.16":[1,1.2,1],"3.36":[1,1,1],"4.88":[1,1,1],"5.0":[1,0.7,1],"5.24":[1,0.6,1],"5.56":[1,1,1]}},"eyeRight":{"scale":{"1.24":[1,1,1],"1.28":[1,0.7,1],"1.32":[1,0.5,1],"1.36":[1,0.6,1],"1.48":[1,0.7,1],"3.12":[1,0.7,1],"3.36":[1,1,1],"4.88":[1,1,1],"5.08":[1,0.7,1],"5.24":[1,0.6,1],"5.32":[1,0.6,1],"5.56":[1,1,1]}}}},"animation.hive.hub.npc.animals.owl.sleepy":{"loop":"hold_on_last_frame","animation_length":9.88,"bones":{"body":{"rotation":{"0.0":[0,0,0],"0.36":[-3,0,0],"0.68":[2.75,0,0],"0.88":[1.03,0,0],"1.08":[0.51,0,0],"1.28":[0,0,0],"5.12":[0,0,0],"5.4":[0.3,0,0],"5.6":[0.67,0,0],"6.2":[4,0,0],"6.32":[3.55,0,0],"6.48":[4,0,0],"8.2":[4,0,0],"8.28":[4,-0.67,0],"8.32":[4,-2,0],"8.36":[4,0.67,0],"8.4":[4,2,0],"8.44":[4,-0.67,0],"8.48":[4,-2,0],"8.52":[4,0.67,0],"8.56":[4,2,0],"8.6":[4,-0.67,0],"8.64":[4,-2,0],"8.68":[3.875,0.67,0],"8.72":[3.65,2,0],"8.76":[3.05,-0.67,0],"8.8":[2.05,-2,0],"8.84":[1.05,0.12,0],"8.88":[0.4,2,0],"8.92":[0.125,0.355,0],"8.96":[0,-0.425,0],"9.0":[0,0.12,0],"9.08":[0,2,0],"9.16":[0,0.355,0],"9.28":[0,-0.425,0],"9.36":[0,-0.14,0],"9.44":[0,0,0]},"position":{"0.0":[0,0,0],"0.12":[0,0.14,0],"0.24":[0,0.2,0],"0.36":[0,0.225,0],"0.68":[0,-1.9,0],"0.88":[0,-1.75,0],"1.08":[0,-1.85,0],"1.28":[0,-1.825,0],"8.2":[0,-1.83,0],"8.4":[0,-2.1,0],"8.6":[0,0,0],"9.36":[0,0,0],"9.44":[0,-0.575,0],"9.6":[0,0.1,0],"9.72":[0,0,0]},"scale":{"8.28":[1,1,1],"8.36":[1,0.9667,1],"8.4":[1,0.9,1],"8.48":[1,0.885,1],"8.6":[1,1.015,1],"8.72":[1,1,1]}},"head":{"rotation":{"0.36":[0,0,0],"0.44":[-5,0,0],"0.76":[2.5,0,0],"0.92":[-2.5,0,0],"1.08":[-1.17,0,0],"1.28":[-0.5,0,0],"5.12":[0,0,0],"5.52":[0.72,0,0],"5.72":[1.608,0,0],"6.32":[9.6,0,0],"6.44":[8.52,0,0],"6.56":[9.33,0,0],"6.68":[9.6,0,0],"8.32":[9.6,0,0],"8.48":[19.1,0,0],"8.6":[2.35,0,0],"8.72":[-2,0,0],"9.08":[0.5,0,0],"9.2":[0,0,0],"9.4":[0,0,0],"9.52":[6.75,0,0],"9.72":[-0.25,0,0],"9.88":[0,0,0]},"position":{"9.36":[0,0,0],"9.48":[0,-0.27,0],"9.6":[0,0,0]}},"eyebrowLeft":{"position":{"0.28":[0,0,0],"0.44":[0,0.425,0],"0.56":[0,0.43,0],"0.76":[0,-1.295,0.1],"0.96":[0,-1.095,0.1],"1.16":[0,-1.145,0.1],"8.4":[0,-1.145,0.1],"8.6":[0,0,0]}},"eyebrowRight":{"position":{"0.36":[0,0,0],"0.52":[0,0.425,0],"0.64":[0,0.43,0],"0.84":[0,-1.295,0.075],"1.04":[0,-1.095,0.075],"1.24":[0,-1.145,0.075],"8.48":[0,-1.145,0.075],"8.68":[0,0,0]}},"leftleg":{"position":{"0.0":[0,0,0],"0.16":[0,0.697,0],"0.4":[0,1.025,0],"0.44":[0,1.025,0],"0.56":[0,0,0]}},"leftwing":{"rotation":{"0.48":[0,0,0],"0.64":[0,0,-2.5],"0.76":[0,0,0],"1.0":[0,0,-2],"8.32":[0,0,-2],"8.4":[0,0,-25.75],"8.44":[0,0,-3],"8.52":[0,0,-78.5],"8.6":[0,0,-5.75],"8.68":[0,0,-112.75],"8.76":[0,0,-15],"8.84":[0,0,-112.5],"8.92":[0,0,-17.25],"9.04":[0,0,-97.25],"9.16":[0,0,-36.75],"9.24":[0,0,-8],"9.36":[0,0,-18.25],"9.48":[0,0,0]}},"rightwing":{"rotation":{"0.48":[0,0,0],"0.64":[0,0,2.5],"0.76":[0,0,0],"1.0":[0,0,2],"8.32":[0,0,2],"8.4":[0,0,25.75],"8.44":[0,0,3],"8.52":[0,0,78.5],"8.6":[0,0,5.75],"8.68":[0,0,112.75],"8.76":[0,0,15],"8.84":[0,0,112.5],"8.92":[0,0,17.25],"9.04":[0,0,97.25],"9.16":[0,0,36.75],"9.24":[0,0,8],"9.36":[0,0,18.25],"9.48":[0,0,0]}},"wings":{"position":{"0.36":[0,0,0],"0.44":[0,0.375,0],"0.52":[0,0.455,0],"0.72":[0,-0.34,0],"1.0":[0,0.035,0],"1.2":[0,-0.06,0],"8.32":[0,-0.06,0],"8.44":[0,-0.96,0],"8.68":[0,-0.38,0],"9.04":[0,-0.14,0],"9.44":[0,0,0]}},"root":{"position":{"8.48":[0,0,0],"8.76":[0,1.175,0],"9.04":[0,1.38,0],"9.16":[0,1.205,0],