{
  "animations": {
    "animation.hive.hub.game.gi.idle": {
      "animation_length": 11.76,
      "bones": {
        "head": {
          "rotation": {
            "0.0": [
              0,
              7.5,
              0
            ],
            "0.48": [
              0,
              7.66129,
              0.16129
            ],
            "10.2": [
              0,
              7.66502,
              0.16502
            ],
            "10.64": [
              0,
              7.55824,
              0.05824
            ],
            "11.0": [
              0,
              7.51792,
              0.01792
            ],
            "11.76": [
              0,
              7.5,
              0
            ],
            "3.0": [
              0,
              9.48029,
              1.98029
            ],
            "3.48": [
              0,
              9.74014,
              2.24014
            ],
            "4.0": [
              0,
              9.90905,
              2.40905
            ],
            "4.48": [
              0,
              9.96968,
              2.46968
            ],
            "5.12": [
              0,
              10,
              2.5
            ],
            "5.76": [
              0,
              9.96968,
              2.46968
            ],
            "6.24": [
              0,
              9.90905,
              2.40905
            ],
            "6.76": [
              0,
              9.74014,
              2.24014
            ],
            "7.24": [
              0,
              9.48029,
              1.98029
            ],
            "9.64": [
              0,
              7.89606,
              0.39606
            ]
          }
        },
        "leftArm": {
          "position": {
            "0.0": [
              0,
              0,
              -2.325
            ],
            "10.2": [
              0,
              0,
              -2.325
            ],
            "10.64": [
              0,
              0,
              -2.325
            ],
            "11.0": [
              0,
              0,
              -2.325
            ],
            "11.76": [
              0,
              0,
              -2.325
            ],
            "9.64": [
              0,
              0,
              -2.325
            ]
          },
          "rotation": {
            "0.0": [
              -84,
              0,
              0
            ],
            "0.48": [
              -83.56452,
              0,
              0
            ],
            "10.2": [
              -83.55444,
              0,
              0
            ],
            "10.64": [
              -83.84274,
              0,
              0
            ],
            "11.0": [
              -83.95161,
              0,
              0
            ],
            "11.76": [
              -84,
              0,
              0
            ],
            "3.0": [
              -78.65323,
              0,
              0
            ],
            "3.48": [
              -77.95161,
              0,
              0
            ],
            "4.0": [
              -77.49556,
              0,
              0
            ],
            "4.48": [
              -77.33185,
              0,
              0
            ],
            "5.12": [
              -77.25,
              0,
              0
            ],
            "5.76": [
              -77.33185,
              0,
              0
            ],
            "6.24": [
              -77.49556,
              0,
              0
            ],
            "6.76": [
              -77.95161,
              0,
              0
            ],
            "7.24": [
              -78.65323,
              0,
              0
            ],
            "9.64": [
              -82.93065,
              0,
              0
            ]
          }
        },
        "leftEyebrow": {
          "position": {
            "0.0": [
              0,
              0,
              0
            ],
            "10.2": [
              0,
              0,
              0
            ],
            "10.64": [
              0,
              0,
              0
            ],
            "11.0": [
              0,
              0,
              0
            ],
            "11.76": [
              0,
              0,
              0
            ],
            "9.64": [
              0,
              0,
              0
            ]
          }
        },
        "leftLeg": {
          "position": [
            0.175,
            0,
            -0.6
          ],
          "rotation": [
            0,
            -6.75,
            0
          ]
        },
        "rightArm": {
          "position": {
            "0.0": [
              0,
              1.625,
              0.625
            ],
            "0.48": [
              0,
              1.64145,
              0.62532
            ],
            "10.2": [
              0,
              1.64183,
              0.62533
            ],
            "10.64": [
              0,
              1.63094,
              0.62512
            ],
            "11.0": [
              0,
              1.62683,
              0.62504
            ],
            "11.76": [
              0,
              1.625,
              0.625
            ],
            "3.0": [
              0,
              1.82699,
              0.62896
            ],
            "3.48": [
              0,
              1.85349,
              0.62948
            ],
            "4.0": [
              0,
              1.87072,
              0.62982
            ],
            "4.48": [
              0,
              1.87691,
              0.62994
            ],
            "5.12": [
              0,
              1.88,
              0.63
            ],
            "5.76": [
              0,
              1.87691,
              0.62994
            ],
            "6.24": [
              0,
              1.87072,
              0.62982
            ],
            "6.76": [
              0,
              1.85349,
              0.62948
            ],
            "7.24": [
              0,
              1.82699,
              0.62896
            ],
            "9.64": [
              0,
              1.6654,
              0.62579
            ]
          },
          "rotation": {
            "0.0": [
              -175,
              0,
              0
            ],
            "10.2": [
              -175,
              0,
              0
            ],
            "10.64": [
              -175,
              0,
              0
            ],
            "11.0": [
              -175,
              0,
              0
            ],
            "11.76": [
              -175,
              0,
              0
            ],
            "9.64": [
              -175,
              0,
              0
            ]
          }
        },
        "rightEyebrow": {
          "position": {
            "0.0": [
              0,
              0,
              0
            ],
            "0.48": [
              0,
              -0.03065,
              0
            ],
            "10.2": [
              0,
              -0.03135,
              0
            ],
            "10.64": [
              0,
              -0.01107,
              0
            ],
            "11.0": [
              0,
              -0.00341,
              0
            ],
            "11.76": [
              0,
              0,
              0
            ],
            "3.0": [
              0,
              -0.37625,
              0
            ],
            "3.48": [
              0,
              -0.42563,
              0
            ],
            "4.0": [
              0,
              -0.45772,
              0
            ],
            "4.48": [
              0,
              -0.46924,
              0
            ],
            "5.12": [
              0,
              -0.475,
              0
            ],