{
  "animations": {
    "animation.hive.hub.game.ground.idle": {
      "animation_length": 12.64,
      "bones": {
        "head": {
          "position": [
            0.75,
            0.25,
            -0.75
          ],
          "rotation": [
            1.55604,
            -20.06503,
            -2.12697
          ]
        },
        "leftArm": {
          "position": {
            "0.0": [
              0.6,
              0,
              0.25
            ],
            "0.4": [
              0.6,
              0.01033,
              0.25
            ],
            "1.0": [
              0.6,
              0.04302,
              0.25
            ],
            "11.64": [
              0.6,
              0.04302,
              0.25
            ],
            "12.24": [
              0.6,
              0.01033,
              0.25
            ],
            "12.64": [
              0.6,
              0,
              0.25
            ],
            "4.6": [
              0.6,
              0.32496,
              0.25
            ],
            "5.28": [
              0.6,
              0.35352,
              0.25
            ],
            "5.76": [
              0.6,
              0.36451,
              0.25
            ],
            "6.32": [
              0.6,
              0.37,
              0.25
            ],
            "6.88": [
              0.6,
              0.36451,
              0.25
            ],
            "7.36": [
              0.6,
              0.35352,
              0.25
            ],
            "8.04": [
              0.6,
              0.32496,
              0.25
            ]
          },
          "rotation": {
            "0.0": [
              0,
              -90,
              -30
            ],
            "0.4": [
              0,
              -90,
              -30.13953
            ],
            "1.0": [
              0,
              -90,
              -30.5814
            ],
            "11.64": [
              0,
              -90,
              -30.5814
            ],
            "12.24": [
              0,
              -90,
              -30.13953
            ],
            "12.64": [
              0,
              -90,
              -30
            ],
            "4.6": [
              0,
              -90,
              -34.39138
            ],
            "5.28": [
              0,
              -90,
              -34.77727
            ],
            "5.76": [
              0,
              -90,
              -34.92576
            ],
            "6.32": [
              0,
              -90,
              -35
            ],
            "6.88": [
              0,
              -90,
              -34.92576
            ],
            "7.36": [
              0,
              -90,
              -34.77727
            ],
            "8.04": [
              0,
              -90,
              -34.39138
            ]
          }
        },
        "leftLeg": {
          "position": [
            0.5,
            0.225,
            0
          ],
          "rotation": [
            -6.04161,
            -20.73521,
            -4.02192
          ]
        },
        "rightArm": {
          "position": {
            "0.0": [
              0,
              0,
              1.475
            ],
            "0.4": [
              0,
              0.01033,
              1.47514
            ],
            "1.0": [
              0,
              0.04302,
              1.47558
            ],
            "11.64": [
              0,
              0.04302,
              1.47558
            ],
            "12.24": [
              0,
              0.01033,
              1.47514
            ],
            "12.64": [
              0,
              0,
              1.475
            ],
            "4.6": [
              0,
              0.32496,
              1.47939
            ],
            "5.28": [
              0,
              0.35352,
              1.47978
            ],
            "5.76": [
              0,
              0.36451,
              1.47993
            ],
            "6.32": [
              0,
              0.37,
              1.48
            ],
            "6.88": [
              0,
              0.36451,
              1.47993
            ],
            "7.36": [
              0,
              0.35352,
              1.47978
            ],
            "8.04": [
              0,
              0.32496,
              1.47939
            ]
          },
          "rotation": {
            "0.0": [
              -360,
              90,
              -335
            ],
            "0.4": [
              -360,
              90,
              -334.7907
            ],
            "1.0": [
              -360,
              90,
              -334.12791
            ],
            "11.64": [
              -360,
              90,
              -334.12791
            ],
            "12.24": [
              -360,
              90,
              -334.7907
            ],
            "12.64": [
              -360,
              90,
              -335
            ],
            "4.6": [
              -360,
              90,
              -328.41293
            ],
            "5.28": [
              -360,
              90,
              -327.8341
            ],
            "5.76": [
              -360,
              90,
              -327.61137
            ],
            "6.32": [
              -360,
              90,
              -327.5
            ],
            "6.88": [
              -360,
              90,
              -327.61137
            ],
            "7.36": [
              -360,
              90,
              -327.8341
            ],
            "8.04": [
              -360,
              90,
              -328.41293
            ]
          }
        },
        "root": {
          "rotation": [
            0,
            5,
            0
          ],
          "scale": [
            -1,
            1,
            1
          ]
        },
        "waist": {
          "rotation": [
            -7.04895,
            -9.66402,
            -2.55764
          ]
        }
      },
      "loop": true
    }
  },
  "format_version": "1.8.0"
}
