{"format_version":"1.8.0","animations":{"animation.hive.party.elimination.beacon.activate":{"loop":"hold_on_last_frame","animation_length":0.64,"bones":{"bottom":{"scale":{"0.0":[0.56,0,0.56],"0.05":[2.05338,0.14,2.05338],"0.11":[4.87,0.63,4.87],"0.15":[3.1,1.4,3.1],"0.23":[2.0734,1.86662,2.0734],"0.27":[1.2375,2.8,1.31],"0.39":[0.105,3.01,0.105],"0.47":[0.035,3.0567,0.035],"0.58":[0,3.08,0],"0.64":[0,0,0]}},"root":{"scale":[1,0.5,1]}}}}}