{"format_version":"1.8.0","animations":{"animation.hive.hats.fox.buddy.idle":{"loop":true,"bones":{"foxTail":{"rotation":["math.cos(query.life_time * 20) * 5","math.cos(query.life_time * 76) * 10",0]}}},"animation.hive.hats.fox.buddy.face":{"loop":true,"animation_length":17.72,"bones":{"foxHead":{"rotation":{"2.0":[0,0,0],"2.12":[-0.45,-1.7,-0.71],"2.24":[-1.63,-6.22,-2.6],"2.36":[-2.08,-7.92,-3.3],"2.48":[-2.22726,-8.48403,-3.53877],"4.0":[-2.23,-8.48,-3.54],"4.12":[-2.72,-8.13,-2.73],"4.2":[-3.38,-7.66,-1.65],"4.4":[-3.87564,-7.30563,-0.83428],"5.92":[-3.88,-7.31,-0.83],"6.0":[-3.77,-6.63,-0.66],"6.08":[-3.43,-4.6,-0.14],"6.16":[-2.53,3.75,2.15],"6.24":[-3.1,6.03,2.81],"6.32":[-3.39,7.17,3.14],"6.44":[-3.68,8.3,3.46],"8.8":[-3.68,8.3,3.46],"8.84":[-3.5,7.9,3.3],"8.92":[-3.15,7.11,2.97],"9.04":[-1.26,2.84,1.19],"9.16":[-0.42,0.95,0.4],"9.24":[-0.17,0.38,0.16],"9.36":[0,0,0],"17.72":[0,0,0]}},"foxRightEye":{"scale":{"1.96":[1,1,1],"2.04":[1.0275,0.9358,1],"2.08":[1.0825,0.8075,1],"2.16":[1.76,0.3875,1],"2.2":[2.025,0.03,1],"2.24":[1.045,0.55,1],"2.32":[0.9475,1.0775,1],"2.44":[1,1,1],"6.0":[1,1,1],"6.08":[1.0275,0.9358,1],"6.12":[1.0825,0.8075,1],"6.2":[1.76,0.3875,1],"6.24":[2.025,0.03,1],"6.28":[1.045,0.55,1],"6.36":[0.9475,1.0775,1],"6.48":[1,1,1],"8.84":[1,1,1],"8.92":[1.0275,0.9358,1],"8.96":[1.0825,0.8075,1],"9.04":[1.76,0.3875,1],"9.08":[2.025,0.03,1],"9.12":[1.045,0.55,1],"9.2":[0.9475,1.0775,1],"9.32":[1,1,1]}},"foxLeftEye":{"scale":{"2.04":[1,1,1],"2.12":[1.0275,0.9358,1],"2.16":[1.0825,0.8075,1],"2.24":[1.76,0.3875,1],"2.28":[2.025,0.03,1],"2.32":[1.045,0.55,1],"2.4":[0.9475,1.0775,1],"2.52":[1,1,1],"5.92":[1,1,1],"6.0":[1.0275,0.9358,1],"6.04":[1.0825,0.8075,1],"6.12":[1.76,0.3875,1],"6.16":[2.025,0.03,1],"6.2":[1.045,0.55,1],"6.28":[0.9475,1.0775,1],"6.4":[1,1,1],"8.84":[1,1,1],"8.92":[1.0275,0.9358,1],"8.96":[1.0825,0.8075,1],"9.04":[1.76,0.3875,1],"9.08":[2.025,0.03,1],"9.12":[1.045,0.55,1],"9.2":[0.9475,1.0775,1],"9.32":[1,1,1]}},"foxRightEar":{"rotation":{"2.0":[0,0,0],"2.16":[0,0,-6.5],"2.36":[0,0,0],"5.96":[0,0,0],"6.12":[0,0,-6.5],"6.32":[0,0,0],"8.84":[0,0,0],"9.04":[0,0,-6.5],"9.24":[0,0,-1.86],"9.36":[0,0,-1.06],"9.6":[0,0,0]}},"foxLeftEar":{"rotation":{"2.0":[0,0,0],"2.16":[0,0,6.5],"2.36":[0,0,0],"5.96":[0,0,0],"6.12":[0,0,6.5],"6.32":[0,0,0],"8.84":[0,0,0],"9.04":[0,0,6.5],"9.24":[0,0,1.86],"9.36":[0,0,1.06],"9.6":[0,0,0]}}}}}}