{"format_version":"1.8.0","animations":{"animation.hive.sky.death.crate.grand.ender.chest.idle":{"loop":true,"animation_length":2.6,"bones":{"root":{"scale":{"0.2":[1,1,1],"0.4":[1.0039,0.9961,1.0039],"0.76":[1.0178,0.9822,1.0178],"0.96":[1.0207,0.9793,1.0207],"1.24":[1.0224,0.9776,1.0224],"1.72":[1.0065,0.9935,1.0065],"2.0":[1.0024,0.9976,1.0024],"2.2":[1.0012,0.9988,1.0012],"2.48":[1,1,1]}},"handleRight":{"rotation":{"1.28":[0,0,0],"1.56":[0,0,-5.7],"1.68":[0,0,-7.25],"1.88":[0,0,-5.27],"2.16":[0,0,-1.98],"2.36":[0,0,-0.74],"2.6":[0,0,0]}},"handleLeft":{"rotation":{"1.28":[0,0,0],"1.56":[0,0,5.7],"1.68":[0,0,7.25],"1.88":[0,0,5.27],"2.16":[0,0,1.98],"2.36":[0,0,0.74],"2.6":[0,0,0]}},"pupilFront":{"position":{"0.28":[0,0,0],"0.4":[0.045,-0.05625,0],"0.48":[-0.01125,-0.08775,0],"0.56":[0.0315,-0.09675,0],"0.64":[0.045,-0.05625,0],"0.68":[-0.01125,-0.08775,0],"0.76":[0.0315,-0.09675,0],"0.88":[0.045,-0.05625,0],"0.92":[-0.01125,-0.08775,0],"0.96":[0.0315,-0.09675,0],"1.0":[0.045,-0.05625,0],"1.08":[-0.01125,-0.08775,0],"1.12":[0.0315,-0.09675,0],"1.2":[0.045,-0.05625,0],"1.24":[-0.01125,-0.08775,0],"1.32":[0.0315,-0.09675,0],"1.4":[0.045,-0.05625,0],"1.56":[-0.01125,-0.02025,0],"1.64":[0.018,-0.0045,0],"1.8":[0,0,0]}}}}}}