{"format_version":"1.8.0","animations":{"animation.hive.sky.death.crate.sunken.chest.idle":{"loop":true,"animation_length":7.4,"bones":{"vine3":{"rotation":{"0.0":[0,0,0],"0.4":[0,0,0.18],"0.8":[0,0,0.54684],"1.48":[0,0,1.75563],"2.2":[0,0,2.44061],"3.12":[0,0,2.59027],"3.92":[0,0,2.37154],"4.24":[0,0,2.0592],"4.72":[0,0,1.36229],"5.72":[0,0,0.37415],"6.44":[0,0,0.1535],"7.4":[0,0,0]}},"vine5":{"rotation":{"0.0":[0,0,2.23734],"0.44":[0,0,2.68917],"0.84":[0,0,2.815],"1.12":[0,0,2.735],"1.72":[0,0,2.01234],"2.52":[0,0,0.34914],"2.72":[0,0,0.13966],"2.92":[0,0,0.05237],"3.24":[0,0,0.08729],"3.4":[0,0,0.33169],"3.72":[0,0,1.06489],"4.0":[0,0,1.48037],"4.28":[0,0,1.57115],"4.6":[0,0,1.43848],"4.88":[0,0,0.82631],"5.16":[0,0,0.22694],"5.36":[0,0,0.09311],"5.68":[0,0,0],"6.0":[0,0,0.23566],"7.4":[0,0,2.23734]}},"vine4":{"rotation":{"0.0":[0,0,-2.68917],"0.16":[0,0,-2.72183],"0.36":[0,0,-2.62384],"0.68":[0,0,-2.23734],"2.16":[0,0,-0.34914],"2.36":[0,0,-0.13966],"2.6":[0,0,-0.05237],"2.92":[0,0,-0.08729],"3.12":[0,0,-0.33169],"3.48":[0,0,-1.06489],"3.76":[0,0,-1.48037],"4.04":[0,0,-1.57115],"4.28":[0,0,-1.43848],"4.52":[0,0,-0.82631],"4.88":[0,0,-0.22694],"5.08":[0,0,-0.09311],"5.4":[0,0,0],"5.8":[0,0,-0.23566],"6.68":[0,0,-2.23734],"7.04":[0,0,-2.62384],"7.24":[0,0,-2.72183],"7.36":[0,0,-2.68917]}},"vine2":{"rotation":{"0.0":[0,0,0],"0.16":[0,0,-0.05],"0.28":[0,0,-0.305],"1.24":[0,0,-4.28],"1.4":[0,0,-4.78],"1.56":[0,0,-4.94],"1.76":[0,0,-5],"1.96":[0,0,-4.82],"2.36":[0,0,-4.11],"3.68":[0,0,-0.6],"3.92":[0,0,-0.24],"4.16":[0,0,-0.09],"4.52":[0,0,-0.15],"4.8":[0,0,-0.57],"5.12":[0,0,-1.83],"5.48":[0,0,-2.544],"5.8":[0,0,-2.7],"6.12":[0,0,-2.472],"6.4":[0,0,-1.42],"6.8":[0,0,-0.39],"7.04":[0,0,-0.16],"7.36":[0,0,0]}},"vine1":{"rotation":{"0.0":[0,0,-2.23734],"0.44":[0,0,-2.68917],"0.84":[0,0,-2.815],"1.12":[0,0,-2.735],"1.72":[0,0,-2.01234],"2.52":[0,0,-0.34914],"2.72":[0,0,-0.13966],"2.92":[0,0,-0.05237],"3.24":[0,0,-0.08729],"3.4":[0,0,-0.33169],"3.72":[0,0,-1.06489],"4.0":[0,0,-1.48037],"4.28":[0,0,-1.57115],"4.6":[0,0,-1.43848],"4.88":[0,0,-0.82631],"5.16":[0,0,-0.22694],"5.36":[0,0,-0.09311],"5.68":[0,0,0],"6.0":[0,0,-0.23566],"7.4":[0,0,-2.23734]}}}},"animation.hive.sky.death.crate.sunken.chest.open":{"loop":true,"animation_length":26.32,"bones":{"chest":{"scale":{"0.96":[1,1,1],"1.36":[1.0158,0.9842,1.0158],"1.56":[1.0345,0.9655,1.0345],"1.68":[0.9861,1.0139,0.9861],"1.8":[0.9716,1.0285,0.9716],"1.92":[0.9667,1.0333,0.9667],"2.04":[0.9715,1.0285,0.9715],"2.2":[1.006,0.994,1.006],"2.32":[1.0164,0.9836,1.0164],"2.48":[1.0233,0.9767,1.0233],"2.68":[1.0169,0.9831,1.0169],"2.88":[1.0063,0.9937,1.0063],"3.16":[1,1,1]}},"pufferFishSmall":{"rotation":{"1.64":[-15,12.5,-62.5],"2.16":[0,12.5,10],"2.6":[-1.64,10.03,16.03],"2.88":[-2.29,9.07,18.39],"3.2":[-2.53,8.7,19.29],"3.28":[-5.08,4.88,11.58],"8.36":[-22.5,-2.5,-45]},"position":{"1.56":[6.49,6.11,-2.67],"1.6":[9.49,8.11,-2.67],"1.64":[10.51,8.24,-4.91],"1.68":[11.54,8.36,-6.86],"2.04":[15.29,9.5,-9.425],"2.16":[16,10,-10],"2.32":[17,11.26,-10],"2.56":[17.325,12.87,-10],"3.04":[17.15,16.28,-10],"3.28":[16.88,17.99,-10],"8.36":[16,39,-10]},"scale":{"1.6":[0.4,0.3,1],"1.68":[1,1,1],"2.96":[1,1,1],"3.12":[0.8,0.8,0.8],"3.16":[0.4,0.4,0.5],"3.2":[1,0.9,0.6667],"3.28":[1,1,1],"5.48":[1,1,1],"6.12":[0.9552,0.9552,0.9552],"6.56":[0.903,0.903,0.903],"7.16":[0.7576,0.7576,0.7576],"7.92":[0.3247,0.3247,0.3247],"8.36":[0,0,0]}},"pufferFishBig":{"position":[-7,-1,0],"scale":{"0.0":[0,0,0],"3.2":[0,0,0],"3.28":[1,1,1],"3.36":[1.225,1.225,1.225],"3.44":[1.3,1.3,1.3],"3.52":[1.25,1.25,1.25],"3.68":[1,1,1],"3.96":[1.1,1.1,1],"4.4":[1,1,1]}},"lid":{"rotation":{"0.0":[-10.5,0,0],"0.4":[-10.76,0,0],"1.04":[-11.61,0,0],"1.36":[-7.69,0,0],"1.56":[-0.12,0,0],"1.64":[-4.84,0,0],"1.72":[-14.29,0,0],"1.88":[-24.2,0,0],"2.04":[-27.46,0,0],"2.28":[-29.02,0,0],"2.52":[-28.42,0,0],"2.8":[-27.38,0,0],"3.28":[-25.72,0,0],"3.72":[-25.08,0,0],"4.32":[-24.62,0,0],"4.8":[-24.86,0,0],"5.36":[-25.42,0,0],"6.92":[-28.39,0,0],"7.84":[-29.24,0,0],"8.36":[-29.39,0,0],"9.16":[-29.5,0,0],"9.96":[-29.39,0,0],"10.48":[-29.24,0,0],"11.4":[-28.39,0,0],"12.96":[-25.42,0,0],"13.84":[-24.86,0,0],"14.76":[-24.62,0,0],"14.8":[-24.62,0,0],"15.72":[-24.86,0,0],"16.6":[-25.42,0,0],"18.16":[-28.39,0,0],"19.08":[-29.24,0,0],"19.6":[-29.39,0,0],"20.4":[-28.135,0,0],"21.4":[-24.14,0,0],"22.6":[-16.06,0,0],"23.96":[-11.93,0,0],"25.0":[-10.94,0,0],"26.32":[-10.5,0,0]}}},"particle_effects":{"1.6":{"effect":"sunken_chest_bubble_burst","locator":"chest_mid"},"3.12":{"effect":"sunken_chest_bubble_out","locator":"pufferfish"}}}}}